trending_country,year,category,category_views,pct_category
AR,2020,Comedy,474329,6.996534397524296
AR,2020,Education,124190,1.8318500594071676
AR,2020,Entertainment,2009131,29.635451660413732
AR,2020,Gaming,713790,10.528675850746776
AR,2020,Music,2427454,35.80587611005851
AR,2020,Nonprofits & Activism,266853,3.9361839431756245
AR,2020,People & Blogs,658962,9.719941853990385
AR,2020,Sports,104776,1.545486124683512
AR,2021,Autos & Vehicles,310365,5.327152178748857
AR,2021,Entertainment,915397,15.71201367090415
AR,2021,Film & Animation,3533866,60.655814802914335
AR,2021,Gaming,405382,6.958038453194043
AR,2021,Music,24593,0.4221180014884753
AR,2021,News & Politics,495556,8.505798737267632
AR,2021,Nonprofits & Activism,10000,0.1716415246161409
AR,2021,Sports,120937,2.075781106250223
AR,2021,Travel & Events,10000,0.1716415246161409
AR,2022,Comedy,242793,5.5489366097990915
AR,2022,Education,351690,8.037733856825538
AR,2022,Entertainment,10000,0.2285459881380061
AR,2022,Gaming,21217,0.48490602303240765
AR,2022,Music,1002667,22.91555202883702
AR,2022,News & Politics,49907,1.1406044630003471
AR,2022,Nonprofits & Activism,1414540,32.328744206073516
AR,2022,Pets & Animals,1262673,28.857884848018063
AR,2022,Science & Technology,10000,0.2285459881380061
AR,2022,Sports,10000,0.2285459881380061
AR,2023,Education,223026,3.010762965290895
AR,2023,Entertainment,10000,0.13499605271541862
AR,2023,Gaming,11098,0.14981861930357154
AR,2023,Howto & Style,3847144,51.934925422780644
AR,2023,Music,70474,0.9513711819066412
AR,2023,People & Blogs,2242977,30.279304133147143
AR,2023,Science & Technology,35110,0.47397114108383476
AR,2023,Shorts,875724,11.821928326815724
AR,2023,Sports,92071,1.2429221569561306
AR,2024,Autos & Vehicles,2230654,38.93547751969593
AR,2024,Comedy,385661,6.731611086131443
AR,2024,Education,45116,0.7874878864129539
AR,2024,Entertainment,114337,1.9957221932085716
AR,2024,Gaming,10000,0.1745473637762554
AR,2024,Howto & Style,127408,2.223873052400515
AR,2024,Music,20000,0.3490947275525108
AR,2024,News & Politics,20816,0.36333779243665326
AR,2024,Shorts,2439230,42.576116614395545
AR,2024,Sports,171284,2.989717065705213
AR,2024,Travel & Events,164598,2.873014698284409
AR,2025,Autos & Vehicles,3618970,1.4531610236544612
AR,2025,Education,4989132,2.0033358011443116
AR,2025,Entertainment,395787,0.15892429118482007
AR,2025,Gaming,181064280,72.70454147783984
AR,2025,Music,10000,0.0040153994745865855
AR,2025,News & Politics,428349,0.1719992349539689
AR,2025,People & Blogs,4322663,1.735721873901487
AR,2025,Pets & Animals,12902466,5.180855519727127
AR,2025,Science & Technology,50710,0.020362090735628575
AR,2025,Shows,41208287,16.546773396841317
AR,2025,Sports,40580,0.016294491067872362
AR,2025,Travel & Events,10000,0.0040153994745865855
AR,2026,Autos & Vehicles,450262,6.63417713200784
AR,2026,Comedy,1158491,17.06924968093442
AR,2026,Music,5178253,76.29657318705773
AU,2020,Autos & Vehicles,10000,0.030514197798522685
AU,2020,Comedy,34821,0.10625348815423584
AU,2020,Education,6314968,19.26961826433412
AU,2020,Entertainment,5625547,17.16590538828859
AU,2020,Gaming,244095,0.7448363111630395
AU,2020,Howto & Style,421990,1.2876686328998588
AU,2020,Music,16819768,51.324172767726225
AU,2020,News & Politics,302407,0.9227707013657849
AU,2020,Nonprofits & Activism,234005,0.7140474855843301
AU,2020,People & Blogs,10022,0.03058132903367944
AU,2020,Science & Technology,1948534,5.94579518931466
AU,2020,Shows,23809,0.07265125353850266
AU,2020,Sports,771664,2.354670792999921
AU,2020,Travel & Events,10000,0.030514197798522685
AU,2021,Autos & Vehicles,349956,1.1099254911657217
AU,2021,Comedy,55761,0.17685239090883373
AU,2021,Education,288251,0.9142210242259327
AU,2021,Entertainment,2939970,9.324451206044436
AU,2021,Film & Animation,1039379,3.2965094099896466
AU,2021,Gaming,20851,0.0661313319854395
AU,2021,Music,106540,0.33790379884555777
AU,2021,Nonprofits & Activism,10000,0.03171614406284567
AU,2021,People & Blogs,37895,0.12018832792615367
AU,2021,Science & Technology,10000,0.03171614406284567
AU,2021,Shows,3816257,12.103695679284321
AU,2021,Sports,22854824,72.48668905149826
AU,2022,Autos & Vehicles,10000,0.006427392208695883
AU,2022,Comedy,1404829,0.9029386969150028
AU,2022,Education,126753,0.08146912446288292
AU,2022,Entertainment,297675,0.19132739757235467
AU,2022,Film & Animation,23615,0.015178286700835326
AU,2022,Gaming,51662091,33.205252117833766
AU,2022,Howto & Style,21666884,13.926156140831747
AU,2022,Music,10290701,6.614237142941892
AU,2022,News & Politics,11490366,7.3853088903464075
AU,2022,Nonprofits & Activism,38448,0.024712037563993927
AU,2022,People & Blogs,96528,0.06204233151209962
AU,2022,Pets & Animals,7420813,4.769647565838912
AU,2022,Science & Technology,133618,0.08588152921415264
AU,2022,Shorts,288572,0.18547654244477882
AU,2022,Sports,50633202,32.543944803612476
AU,2023,Autos & Vehicles,1998945,7.365419689034406
AU,2023,Comedy,189159,0.6969853712623704
AU,2023,Education,59515,0.21929215300715257
AU,2023,Entertainment,20990422,77.34243187278335
AU,2023,Film & Animation,10000,0.036846534992380504
AU,2023,Gaming,1004532,3.701352348896597
AU,2023,Music,1259607,4.641215340214743
AU,2023,News & Politics,189455,0.6980760286981449
AU,2023,People & Blogs,19267,0.07099221896981951
AU,2023,Pets & Animals,421404,1.5527277231929113
AU,2023,Science & Technology,36589,0.13481778688362103
AU,2023,Sports,935608,3.4473912911151134
AU,2023,Travel & Events,25091,0.09245164094938194
AU,2024,Autos & Vehicles,10000,0.020185349550000935
AU,2024,Comedy,10000,0.020185349550000935
AU,2024,Education,449138,0.9066007526188321
AU,2024,Entertainment,113567,0.22923895923449567
AU,2024,Gaming,20000,0.04037069910000187
AU,2024,Howto & Style,24129809,48.706862923975855
AU,2024,Music,143664,0.2899908057751335
AU,2024,News & Politics,3375999,6.814571989545362
AU,2024,Nonprofits & Activism,133121,0.2687093917445675
AU,2024,People & Blogs,4343340,8.767183611450108
AU,2024,Pets & Animals,235153,0.47466455027313703
AU,2024,Science & Technology,89640,0.18094147336620842
AU,2024,Sports,16442520,33.189801368288144
AU,2024,Travel & Events,44930,0.09069277552815422
AU,2025,Education,219550,0.17503102505638282
AU,2025,Entertainment,72408734,57.726144090434794
AU,2025,Film & Animation,66033,0.05264324152834492
AU,2025,Gaming,91207,0.0727126153601344
AU,2025,Music,2179767,1.7377674898386537
AU,2025,News & Politics,999434,0.7967750284500155
AU,2025,People & Blogs,10000,0.007972262585123336
AU,2025,Shorts,255114,0.20338357971411547
AU,2025,Sports,39153,0.031213799699533393
AU,2025,Travel & Events,49165913,39.1963568673329
AU,2026,Entertainment,52156,0.522416868147135
AU,2026,Gaming,828693,8.300544553176119
AU,2026,Music,8103150,81.16462621992592
AU,2026,People & Blogs,970448,9.720423438523868
AU,2026,Sports,19151,0.19182463075937153
AU,2026,Travel & Events,10000,0.10016428946758474
BR,2020,Autos & Vehicles,1286493,0.4513810429891329
BR,2020,Comedy,4427738,1.5535234132813915
BR,2020,Education,594326,0.2085261946668652
BR,2020,Entertainment,8010743,2.810662421371819
BR,2020,Film & Animation,13426381,4.710802048164644
BR,2020,Gaming,22475741,7.885875332810685
BR,2020,Howto & Style,271560,0.09527998678121757
BR,2020,Music,27303046,9.579591478741255
BR,2020,News & Politics,1653721,0.5802272610834508
BR,2020,Nonprofits & Activism,1033617,0.36265655507748473
BR,2020,People & Blogs,1451713,0.5093504030421333
BR,2020,Pets & Animals,274429,0.09628660882450565
BR,2020,Science & Technology,3188891,1.1188595239606116
BR,2020,Shorts,59044722,20.716527955739675
BR,2020,Shows,104861322,36.79181534107011
BR,2020,Sports,567137,0.19898661755464497
BR,2020,Travel & Events,35141054,12.329647814840376
BR,2021,Autos & Vehicles,258822,0.12570229092184798
BR,2021,Comedy,9369903,4.550688399036775
BR,2021,Education,8526440,4.1410430388749075
BR,2021,Entertainment,5203628,2.5272502364755467
BR,2021,Film & Animation,7372344,3.580532297346981
BR,2021,Gaming,11266754,5.4719335645845195
BR,2021,Howto & Style,121767572,59.138955577157546
BR,2021,Music,14374475,6.981262946344711
BR,2021,News & Politics,20000,0.00971341624142059
BR,2021,Nonprofits & Activism,637338,0.30953646402372575
BR,2021,People & Blogs,6806110,3.305528970744754
BR,2021,Pets & Animals,2541229,1.2342007520884501
BR,2021,Science & Technology,2775161,1.3478146964978501
BR,2021,Shorts,2089071,1.0146008090440375
BR,2021,Shows,2391147,1.161310305271206
BR,2021,Sports,10202619,4.955114254981314
BR,2021,Travel & Events,298169,0.1448119803644068
BR,2022,Autos & Vehicles,17668179,1.2662535048808032
BR,2022,Comedy,1347765,0.09659241934359368
BR,2022,Education,24238103,1.7371107048107168
BR,2022,Entertainment,1081319199,77.49662405099318
BR,2022,Film & Animation,180057,0.012904431595826755
BR,2022,Gaming,31403569,2.250649561113012
BR,2022,Howto & Style,1074136,0.07698181429555623
BR,2022,Music,135967724,9.744615280706952
BR,2022,News & Politics,51272053,3.6745958264111027
BR,2022,Nonprofits & Activism,204743,0.014673642447804626
BR,2022,People & Blogs,34259919,2.4553601426996194
BR,2022,Pets & Animals,156227,0.01119656905824948
BR,2022,Science & Technology,7130687,0.5110462943554046
BR,2022,Shorts,10000,7.166859158947864e-4
BR,2022,Shows,3289251,0.2357359865542842
BR,2022,Sports,4308327,0.3087717281969237
BR,2022,Travel & Events,1481421,0.10617135662107703
BR,2023,Autos & Vehicles,137473,0.06208881846739415
BR,2023,Comedy,3206395,1.4481481970260361
BR,2023,Education,5818104,2.6277101909496396
BR,2023,Entertainment,7333861,3.3122923359066996
BR,2023,Film & Animation,1079773,0.4876727050620383
BR,2023,Gaming,2670686,1.206198586176275
BR,2023,Howto & Style,4326316,1.9539534945522599
BR,2023,Music,51397535,23.2133744101499
BR,2023,News & Politics,3329707,1.503841288635671
BR,2023,Nonprofits & Activism,20000,0.009032874596087108
BR,2023,People & Blogs,21177427,9.564652117939461
BR,2023,Pets & Animals,475795,0.2148898284222633
BR,2023,Science & Technology,104662893,47.27033936663416
BR,2023,Shorts,305368,0.13791754248289642
BR,2023,Shows,40831,0.018441065131641635
BR,2023,Sports,11898639,5.373945697555566
BR,2023,Travel & Events,3532655,1.5955014803120053
BR,2024,Autos & Vehicles,1042596,0.3653673025722181
BR,2024,Comedy,1353196,0.4742139547547806
BR,2024,Education,2109286,0.7391781055877287
BR,2024,Entertainment,151948763,53.24891872450619
BR,2024,Film & Animation,579616,0.20312060898727674
BR,2024,Gaming,33491906,11.736902264369215
BR,2024,Howto & Style,20049627,7.026190523049306
BR,2024,Music,36856866,12.916118718742156
BR,2024,News & Politics,8030854,2.8143321702090818
BR,2024,Nonprofits & Activism,301430,0.10563311773145467
BR,2024,People & Blogs,1924979,0.6745895675200805
BR,2024,Pets & Animals,1302195,0.45634116625522214
BR,2024,Science & Technology,389597,0.13653035785695367
BR,2024,Shorts,26848,0.009408612098510748
BR,2024,Shows,8502899,2.979755602049126
BR,2024,Sports,6923102,2.4261316014758627
BR,2024,Travel & Events,10521824,3.687267602234831
BR,2025,Autos & Vehicles,1149651,0.2030663968975544
BR,2025,Comedy,77982391,13.774269897409106
BR,2025,Education,158572,0.02800906074003241
BR,2025,Entertainment,31435224,5.552500431302654
BR,2025,Film & Animation,6936895,1.2252851285361042
BR,2025,Gaming,20926342,3.6962842377260254
BR,2025,Howto & Style,44620,0.007881368023486152
BR,2025,Music,256143808,45.24346969487173
BR,2025,News & Politics,1112889,0.19657301161563157
BR,2025,Nonprofits & Activism,2544742,0.4494856169166786
BR,2025,People & Blogs,2971578,0.5248789741930733
BR,2025,Pets & Animals,6493872,1.1470326115959673
BR,2025,Science & Technology,3817499,0.674296605743845
BR,2025,Shows,137811718,24.342108191548427
BR,2025,Sports,15116464,2.6700675929578566
BR,2025,Travel & Events,1499103,0.2647911799218324
BR,2026,Autos & Vehicles,76457,0.34078448671746364
BR,2026,Education,278876,1.243007370388838
BR,2026,Entertainment,242272,1.0798558557883955
BR,2026,Film & Animation,776457,3.4608276574176555
BR,2026,Gaming,281060,1.2527419050814226
BR,2026,Howto & Style,352314,1.5703355566315247
BR,2026,Music,232619,1.0368304604644398
BR,2026,News & Politics,134664,0.6002249907702437
BR,2026,Nonprofits & Activism,10000,0.044572045295717025
BR,2026,People & Blogs,6282666,28.00312735298613
BR,2026,Science & Technology,455349,2.029583625335945
BR,2026,Shorts,12802087,57.061520164371004
BR,2026,Sports,218908,0.9757177291594822
BR,2026,Travel & Events,291858,1.300870799591738
CA,2020,Autos & Vehicles,95627,0.15696527219474127
CA,2020,Comedy,773971,1.2704212062057378
CA,2020,Education,30719051,50.423250774144734
CA,2020,Entertainment,10710277,17.580197481737134
CA,2020,Film & Animation,10000,0.016414325681527314
CA,2020,Gaming,5169448,8.485300306572002
CA,2020,Howto & Style,363660,0.5969233677344224
CA,2020,Music,9003883,14.779266796036723
CA,2020,News & Politics,2054268,3.3719423989139754
CA,2020,People & Blogs,567318,0.9312142416992714
CA,2020,Pets & Animals,33225,0.054536597076874506
CA,2020,Science & Technology,337451,0.5539030615557075
CA,2020,Shorts,10000,0.016414325681527314
CA,2020,Shows,58335,0.0957529688631896
CA,2020,Sports,73378,0.12044503898591115
CA,2020,Travel & Events,942501,1.5470518369165176
CA,2021,Autos & Vehicles,44989,0.030217863887118435
CA,2021,Comedy,1783093,1.1976541281663
CA,2021,Education,31012401,20.830169868873185
CA,2021,Entertainment,1367314,0.9183869021972362
CA,2021,Film & Animation,663435,0.44561089439530593
CA,2021,Gaming,3321535,2.2309829630865305
CA,2021,Howto & Style,12459,0.008368364848509826
CA,2021,Music,112141,0.0753220003593178
CA,2021,News & Politics,10000,0.006716722729360163
CA,2021,People & Blogs,88293034,59.30398283119697
CA,2021,Pets & Animals,16496,0.011079905814352524
CA,2021,Science & Technology,16714386,11.22658963534993
CA,2021,Shorts,995025,0.6683307033781596
CA,2021,Shows,520452,0.3495731777940955
CA,2021,Sports,2837289,1.9057283516063566
CA,2021,Travel & Events,1178083,0.7912856863172809
CA,2022,Autos & Vehicles,31885,0.017157373743912487
CA,2022,Comedy,21591,0.01161815450854052
CA,2022,Education,355370,0.1912252127136328
CA,2022,Entertainment,77228,0.04155652060513952
CA,2022,Film & Animation,306520,0.16493894307618176
CA,2022,Gaming,2101784,1.1309736119484197
CA,2022,Howto & Style,1570089,0.844867611234305
CA,2022,Music,3081018,1.6579011239680654
CA,2022,News & Politics,144351892,77.67600318911373
CA,2022,Nonprofits & Activism,156090,0.08399229944134547
CA,2022,People & Blogs,33402881,17.974148139891277
CA,2022,Pets & Animals,10000,0.005381017325987922
CA,2022,Science & Technology,70925,0.038164865384569334
CA,2022,Shorts,20000,0.010762034651975843
CA,2022,Shows,10000,0.005381017325987922
CA,2022,Sports,261192,0.14054786774094372
CA,2022,Travel & Events,10000,0.005381017325987922
CA,2023,Autos & Vehicles,57861,0.03901442289603493
CA,2023,Comedy,1550376,1.0453850592257834
CA,2023,Education,7424179,5.005963587941129
CA,2023,Entertainment,6256761,4.218798838827853
CA,2023,Film & Animation,82141,0.055385902613214515
CA,2023,Gaming,3414067,2.302031657479084
CA,2023,Howto & Style,10000,0.006742784068031131
CA,2023,Music,109646847,73.9325013061447
CA,2023,News & Politics,8841058,5.9613345026939175
CA,2023,People & Blogs,5657345,3.814625573335558
CA,2023,Pets & Animals,1976351,1.3326108035637394
CA,2023,Science & Technology,200113,0.13493187482059135
CA,2023,Sports,3189593,2.150673686390362
CA,2024,Autos & Vehicles,82527,0.4492682426522129
CA,2024,Comedy,6292510,34.25575762564344
CA,2024,Education,28248,0.15377911857258486
CA,2024,Entertainment,577885,3.145944701795462
CA,2024,Film & Animation,44115,0.2401573851539784
CA,2024,Gaming,5342789,29.085577143135872
CA,2024,Howto & Style,189091,1.0293913661147212
CA,2024,Music,256896,1.3985146008504235
CA,2024,News & Politics,1396338,7.6015161027119085
CA,2024,Nonprofits & Activism,11504,0.06262655692647325
CA,2024,People & Blogs,590355,3.2138300603553644
CA,2024,Pets & Animals,13499,0.07348712551725159
CA,2024,Science & Technology,28213,0.15358858228151856
CA,2024,Shorts,34240,0.18639893160313317
CA,2024,Sports,3334202,18.15104236416559
CA,2024,Travel & Events,146792,0.7991200925200679
CA,2025,Autos & Vehicles,10000,0.0021984649262621675
CA,2025,Comedy,288100641,63.33791544721481
CA,2025,Entertainment,2276368,0.5004515207265557
CA,2025,Gaming,7251905,1.5943058791085243
CA,2025,Howto & Style,7560482,1.6621454502636444
CA,2025,Music,13253747,2.9137897921052422
CA,2025,News & Politics,895751,0.19692771561642627
CA,2025,Nonprofits & Activism,27272,0.0059956535469021825
CA,2025,People & Blogs,133876397,29.432256325884964
CA,2025,Pets & Animals,965810,0.21232994104332636
CA,2025,Science & Technology,10000,0.0021984649262621675
CA,2025,Shows,10000,0.0021984649262621675
CA,2025,Sports,382622,0.0841181047016283
CA,2025,Travel & Events,241845,0.05316877500918739
CA,2026,Entertainment,80071,1.5112429256331306
CA,2026,Film & Animation,15933,0.3007160336965027
CA,2026,Music,1723980,32.5380297352725
CA,2026,News & Politics,37701,0.7115606092005178
CA,2026,People & Blogs,50487,0.9528808380866964
CA,2026,Pets & Animals,578366,10.915956162989488
CA,2026,Shows,2602628,49.12144413151707
CA,2026,Sports,209188,3.948169563604093
CO,2020,Entertainment,129824,0.7172385079909798
CO,2020,Music,15130856,83.59342326585502
CO,2020,News & Politics,1199953,6.629379000641639
CO,2020,Pets & Animals,1580316,8.73077004247499
CO,2020,Sports,59585,0.32918918303736233
CO,2021,Comedy,13687,0.1248230184334424
CO,2021,Entertainment,2577170,23.503334435311952
CO,2021,Gaming,18179,0.16578926368828445
CO,2021,Howto & Style,10000,0.09119823075432337
CO,2021,Music,1363302,12.433073038383055
CO,2021,News & Politics,6552149,59.7544396438709
CO,2021,People & Blogs,71535,0.6523865437010522
CO,2021,Sports,359103,3.274955825856978
CO,2022,Entertainment,22671,1.3147509477445796
CO,2022,Film & Animation,143535,8.323972356072437
CO,2022,Gaming,988067,57.30060538507977
CO,2022,News & Politics,186906,10.839170774961334
CO,2022,People & Blogs,170624,9.894934749590718
CO,2022,Pets & Animals,10000,0.5799263145624717
CO,2022,Science & Technology,134989,7.828367327647349
CO,2022,Shorts,67565,3.91827214434134
CO,2023,Autos & Vehicles,2636981,32.14278226612514
CO,2023,Comedy,1080566,13.171273385048195
CO,2023,Education,438266,5.342127460397174
CO,2023,Entertainment,78570,0.9577082287090625
CO,2023,Gaming,994171,12.118184389002383
CO,2023,Music,1201300,14.642928536950448
CO,2023,People & Blogs,121992,1.4869892100887863
CO,2023,Pets & Animals,132828,1.6190717653425908
CO,2023,Shorts,444894,5.422917712909375
CO,2023,Shows,881599,10.74601777678097
CO,2023,Sports,48480,0.5909341342473635
CO,2023,Travel & Events,144313,1.75906513439851
CO,2024,Autos & Vehicles,104344,0.43782450598723255
CO,2024,Comedy,4077863,17.110599109279057
CO,2024,Entertainment,196003,0.8224231067144783
CO,2024,Film & Animation,9139703,38.34993819333193
CO,2024,Gaming,2690865,11.29079428911422
CO,2024,Howto & Style,72460,0.30404013363331733
CO,2024,Music,814767,3.4187395467846686
CO,2024,News & Politics,10000,0.041959720346855835
CO,2024,Pets & Animals,692533,2.905849101096911
CO,2024,Sports,6033842,25.31783229371133
CO,2025,Comedy,4134467,11.665494982090099
CO,2025,Entertainment,20000,0.05643046604116128
CO,2025,Music,864992,2.4405950840938093
CO,2025,News & Politics,10000,0.02821523302058064
CO,2025,People & Blogs,294918,0.8321180091963603
CO,2025,Pets & Animals,29965342,84.5479107071392
CO,2025,Sports,152129,0.42923551841879126
CO,2026,Entertainment,48716,0.19052745042740984
CO,2026,Gaming,57490,0.2248424157375768
CO,2026,Music,23944370,93.64602529334427
CO,2026,News & Politics,10000,0.03910983053358441
CO,2026,Nonprofits & Activism,10000,0.03910983053358441
CO,2026,Pets & Animals,1498443,5.860385179423583
DE,2020,Autos & Vehicles,5235466,7.722610353949644
DE,2020,Education,1010025,1.489844365859312
DE,2020,Entertainment,483618,0.7133640776497103
DE,2020,Film & Animation,6026406,8.889291874439497
DE,2020,Gaming,21035506,31.02856869592312
DE,2020,Howto & Style,103532,0.152715593065663
DE,2020,Music,3501593,5.165048986492815
DE,2020,News & Politics,9611053,14.176850238385425
DE,2020,Nonprofits & Activism,20000,0.02950113840467933
DE,2020,People & Blogs,3590339,5.295954387935899
DE,2020,Pets & Animals,81758,0.12059770368448863
DE,2020,Science & Technology,4243236,6.259014625985896
DE,2020,Sports,1315259,1.9400818898500067
DE,2020,Travel & Events,11536203,17.016556068373845
DE,2021,Autos & Vehicles,942845,1.2602047756407253
DE,2021,Comedy,2768769,3.7007312086779853
DE,2021,Education,1185828,1.5849753763221845
DE,2021,Entertainment,29958853,40.04294409295109
DE,2021,Film & Animation,4623479,6.179732952791397
DE,2021,Gaming,6351713,8.489687123651585
DE,2021,Howto & Style,2983368,3.987563810693931
DE,2021,Music,884196,1.181814637403207
DE,2021,News & Politics,32072,0.04286737222380067
DE,2021,Nonprofits & Activism,882854,1.1800209228383425
DE,2021,People & Blogs,3400011,4.544448026378671
DE,2021,Pets & Animals,12220273,16.33359289621668
DE,2021,Science & Technology,1153920,1.5423272061763553
DE,2021,Shorts,1237699,1.6543060530689033
DE,2021,Shows,11260,0.015050093889997366
DE,2021,Sports,6024279,8.052039482197108
DE,2021,Travel & Events,155390,0.20769396887803646
DE,2022,Autos & Vehicles,280837,0.4078039323267092
DE,2022,Comedy,141738,0.20581801457828958
DE,2022,Education,956330,1.3886885795034194
DE,2022,Entertainment,1370870,1.9906428878983746
DE,2022,Film & Animation,128446,0.18651667654773585
DE,2022,Gaming,5916364,8.591163216656561
DE,2022,Howto & Style,2293245,3.3300253484710503
DE,2022,Music,1947314,2.827698297143373
DE,2022,News & Politics,10642320,15.453732752732666
DE,2022,People & Blogs,44780486,65.02582737424609
DE,2022,Pets & Animals,103686,0.150562634294011
DE,2022,Science & Technology,189826,0.275646689210645
DE,2022,Shorts,33002,0.047922265850461505
DE,2022,Sports,81228,0.1179513305406123
DE,2023,Autos & Vehicles,11320,0.010985187522682424
DE,2023,Comedy,10000,0.009704229260320161
DE,2023,Education,2245618,2.179199190310164
DE,2023,Entertainment,4685605,4.547018514330245
DE,2023,Film & Animation,83080,0.08062273669473989
DE,2023,Gaming,5043828,4.894646326162213
DE,2023,Howto & Style,5015228,4.8668922304776965
DE,2023,Music,61449564,59.63206570027164
DE,2023,News & Politics,916603,0.8894925652697241
DE,2023,Nonprofits & Activism,41432,0.0402065626713585
DE,2023,People & Blogs,504207,0.48929403226582474
DE,2023,Pets & Animals,26954,0.026156779548266965
DE,2023,Science & Technology,74409,0.07220819950311629
DE,2023,Shorts,4150928,4.028155695508224
DE,2023,Shows,10000,0.009704229260320161
DE,2023,Sports,18607266,18.05691751717605
DE,2023,Travel & Events,171812,0.16673030376741277
DE,2024,Autos & Vehicles,596732,0.7322674028919711
DE,2024,Comedy,10000,0.012271294364840011
DE,2024,Education,1524838,1.8711735956693916
DE,2024,Entertainment,22138242,27.16648843020645
DE,2024,Gaming,42370896,51.99457373180222
DE,2024,Howto & Style,1490919,1.8295505923132906
DE,2024,Music,3029702,3.7178365079744515
DE,2024,News & Politics,606043,0.7436932050750735
DE,2024,Nonprofits & Activism,43450,0.05331877401522986
DE,2024,People & Blogs,987073,1.2112663342585726
DE,2024,Pets & Animals,3431316,4.210668869478537
DE,2024,Science & Technology,13743,0.01686443984559963
DE,2024,Shows,10000,0.012271294364840011
DE,2024,Sports,5134470,6.30065927774401
DE,2024,Travel & Events,103572,0.127096249995521
DE,2025,Autos & Vehicles,155852,0.06280929300913209
DE,2025,Comedy,13521280,5.449157132269829
DE,2025,Education,2119327,0.854101522759829
DE,2025,Entertainment,4580492,1.8459658147087328
DE,2025,Film & Animation,211323,0.08516443951036123
DE,2025,Gaming,32381302,13.049859387978305
DE,2025,Howto & Style,2328903,0.9385619107669246
DE,2025,Music,2402641,0.9682787680925117
DE,2025,News & Politics,1533412,0.6179742551376899
DE,2025,Nonprofits & Activism,202667,0.08167601946899476
DE,2025,People & Blogs,55343320,22.303690693594948
DE,2025,Pets & Animals,64566,0.026020486181939417
DE,2025,Science & Technology,472055,0.190241003076161
DE,2025,Shows,23779,0.00958307996345348
DE,2025,Sports,130074384,52.42075878165414
DE,2025,Travel & Events,2719953,1.09615741182704
DE,2026,Autos & Vehicles,30024,0.016107822493276858
DE,2026,Comedy,1407349,0.7550402304186882
DE,2026,Education,5612547,3.0111214632018903
DE,2026,Gaming,354737,0.19031576831193556
DE,2026,Music,22287668,11.957294162439611
DE,2026,News & Politics,156125232,83.76090873226978
DE,2026,People & Blogs,114334,0.06133998724175048
DE,2026,Pets & Animals,393865,0.21130787058068512
DE,2026,Science & Technology,68153,0.036563963042376024
EG,2020,Film & Animation,362258,2.0135915120307004
EG,2020,Gaming,10000,0.05558445947448228
EG,2020,Music,171120,0.9511612705273408
EG,2020,News & Politics,927556,5.155769889231289
EG,2020,People & Blogs,10502906,58.37983529212969
EG,2020,Pets & Animals,115617,0.6426508451061219
EG,2020,Science & Technology,462981,2.5734548631955283
EG,2020,Shows,10000,0.05558445947448228
EG,2020,Sports,5020751,27.90757304909664
EG,2020,Travel & Events,407451,2.264794359733728
EG,2021,Autos & Vehicles,30985,0.3765552576763314
EG,2021,Comedy,25062,0.30457407997044433
EG,2021,Education,64001,0.7777929012923313
EG,2021,Entertainment,30692,0.3729944801872507
EG,2021,Film & Animation,1640435,19.935918158020744
EG,2021,Gaming,3120378,37.9214052553673
EG,2021,Howto & Style,97183,1.1810479137246703
EG,2021,Music,74888,0.9101006983012783
EG,2021,News & Politics,456022,5.541955194967758
EG,2021,People & Blogs,60388,0.733884747476466
EG,2021,Pets & Animals,141920,1.7247288097280926
EG,2021,Science & Technology,1180858,14.350759673040416
EG,2021,Shows,153641,1.867172062115515
EG,2021,Sports,1152087,14.001110768131406
EG,2022,Autos & Vehicles,70217,4.575073968593401
EG,2022,Comedy,197602,12.874998452539888
EG,2022,Entertainment,787002,51.2780717409024
EG,2022,Gaming,20000,1.3031243056790809
EG,2022,Music,10000,0.6515621528395404
EG,2022,Nonprofits & Activism,10000,0.6515621528395404
EG,2022,Science & Technology,82089,5.348608556444503
EG,2022,Travel & Events,357863,23.316998670161645
EG,2023,Comedy,10000,0.033244070786998856
EG,2023,Entertainment,29017,0.09646432020263458
EG,2023,Film & Animation,411174,1.366909756177347
EG,2023,Howto & Style,1161199,3.8602981753792287
EG,2023,Music,4106056,13.650201631938138
EG,2023,News & Politics,5418161,18.01217278193565
EG,2023,Nonprofits & Activism,209259,0.6956621008816594
EG,2023,People & Blogs,11962093,39.766866645266354
EG,2023,Pets & Animals,2952401,9.81498278356062
EG,2023,Science & Technology,750457,2.49482456305988
EG,2023,Shorts,219365,0.7292585588190005
EG,2023,Sports,52485,0.1744815055255635
EG,2023,Travel & Events,2798885,9.304633106466929
EG,2024,Comedy,23881,0.2053062037876205
EG,2024,Entertainment,528045,4.539630433358488
EG,2024,Film & Animation,1503037,12.921687560082647
EG,2024,Howto & Style,4230263,36.3677918660538
EG,2024,News & Politics,5103165,43.87217593282745
EG,2024,Nonprofits & Activism,29286,0.2517732709737554
EG,2024,People & Blogs,204217,1.7556642108327327
EG,2024,Science & Technology,10000,0.08597052208350592
EG,2025,Comedy,49624,1.5032924661794032
EG,2025,Education,10000,0.3029365762895783
EG,2025,Entertainment,1642941,49.7706921585776
EG,2025,Gaming,505974,15.327803125154308
EG,2025,Howto & Style,459525,13.920693021946844
EG,2025,People & Blogs,622957,18.87164607556268
EG,2025,Shorts,10000,0.3029365762895783
EG,2026,Entertainment,10000,31.525851197982348
EG,2026,People & Blogs,10000,31.525851197982348
EG,2026,Travel & Events,11720,36.948297604035304
FR,2020,Autos & Vehicles,1376717,0.5364336756987651
FR,2020,Comedy,2180193,0.84950570431157435
FR,2020,Education,10000,0.0038964701946643
FR,2020,Entertainment,2866645,1.1169796801183443
FR,2020,Film & Animation,1189594,0.4635217564751483
FR,2020,Gaming,88013979,34.294384588730956
FR,2020,Howto & Style,987998,0.3849704759387939
FR,2020,Music,1215655,0.473676347449463
FR,2020,News & Politics,107499717,41.88694432253472
FR,2020,Nonprofits & Activism,29011,0.011304049681740602
FR,2020,People & Blogs,47385747,18.463715083740325
FR,2020,Pets & Animals,10000,0.0038964701946643
FR,2020,Science & Technology,103815,0.04045120532590743
FR,2020,Shorts,87123,0.03394721727697378
FR,2020,Shows,1066063,0.4153882705134408
FR,2020,Sports,2593437,1.0105249972239598
FR,2020,Travel & Events,26844,0.010459684590556847
FR,2021,Autos & Vehicles,20000,0.04048288060956855
FR,2021,Comedy,1446845,2.92862266977756
FR,2021,Education,10000,0.020241440304784274
FR,2021,Entertainment,384361,0.7780020236987188
FR,2021,Film & Animation,20000,0.04048288060956855
FR,2021,Gaming,7555529,15.293478922456641
FR,2021,Music,10066159,20.375355649696694
FR,2021,News & Politics,969123,1.9616445352493448
FR,2021,People & Blogs,25809535,52.24221619967404
FR,2021,Science & Technology,20000,0.04048288060956855
FR,2021,Shorts,1461787,2.9588674298809687
FR,2021,Shows,216595,0.438419476281475
FR,2021,Sports,900909,1.8235695743542895
FR,2021,Travel & Events,522756,1.0581334367967807
FR,2022,Comedy,5054263,2.99105914550739
FR,2022,Education,57864,0.034243300436807435
FR,2022,Entertainment,120615486,71.37896316240739
FR,2022,Film & Animation,1024705,0.6064095322497366
FR,2022,Gaming,15321948,9.067366041772791
FR,2022,Howto & Style,46474,0.027502819447328023
FR,2022,Music,767781,0.4543646386816059
FR,2022,News & Politics,11038193,6.532285344574601
FR,2022,Nonprofits & Activism,10000,0.00591789375722512
FR,2022,People & Blogs,1043775,0.617694955644765
FR,2022,Science & Technology,33852,0.020033253946958474
FR,2022,Sports,13944698,8.252324124058962
FR,2022,Travel & Events,20000,0.01183578751445024
FR,2023,Comedy,1447803,1.6597472081156357
FR,2023,Education,9189580,10.53484469140849
FR,2023,Entertainment,278784,0.3195952527155348
FR,2023,Film & Animation,617123,0.7074637753298932
FR,2023,Gaming,3232360,3.705545910337702
FR,2023,Howto & Style,16192463,18.56288131518289
FR,2023,Music,1753349,2.010022156054616
FR,2023,News & Politics,204556,0.2345009990332262
FR,2023,Nonprofits & Activism,18626627,21.353383132830448
FR,2023,People & Blogs,2428159,2.7836177443414982
FR,2023,Pets & Animals,10000,0.01146390225821908
FR,2023,Science & Technology,19913899,22.829099171604668
FR,2023,Shorts,8499214,9.74341585676872
FR,2023,Shows,73404,0.08414962813623132
FR,2023,Sports,4763011,5.460269255882231
FR,2024,Comedy,23262,0.015529576793997581
FR,2024,Education,1344101,0.8973140614903681
FR,2024,Entertainment,850844,0.5680185382904341
FR,2024,Film & Animation,125340527,83.67661161751471
FR,2024,Gaming,4665950,3.114961260508684
FR,2024,Howto & Style,3754220,2.506295580412759
FR,2024,Music,925796,0.618056060423686
FR,2024,News & Politics,380069,0.25373186839127615
FR,2024,Nonprofits & Activism,36703,0.02450271073295904
FR,2024,People & Blogs,7084507,4.729575939476976
FR,2024,Science & Technology,3980436,2.657316074954542
FR,2024,Shorts,159927,0.10676634115439991
FR,2024,Shows,88289,0.058941226273117195
FR,2024,Sports,816842,0.5453189995513099
FR,2024,Travel & Events,340117,0.22706014403078303
FR,2025,Autos & Vehicles,214089,0.3804298669670932
FR,2025,Comedy,45041,0.08003653451632192
FR,2025,Education,148379,0.26366512632928507
FR,2025,Entertainment,91378,0.1623760229797843
FR,2025,Film & Animation,50273,0.08933364489551857
FR,2025,Gaming,4140893,7.358245277034165
FR,2025,Howto & Style,1238118,2.200099332658677
FR,2025,Music,19210122,34.13582275073278
FR,2025,News & Politics,20000,0.03553941276451319
FR,2025,Nonprofits & Activism,20000,0.03553941276451319
FR,2025,People & Blogs,15922064,28.293040227949795
FR,2025,Pets & Animals,3312616,5.8864213677165305
FR,2025,Science & Technology,560891,0.9966868382450281
FR,2025,Shorts,240563,0.4274733876434793
FR,2025,Shows,3768565,6.696629353244882
FR,2025,Sports,7275605,12.928536460327797
FR,2025,Travel & Events,16953,0.030124983229839603
FR,2026,Comedy,195581,2.700777280776662
FR,2026,Entertainment,2827223,39.041111591050445
FR,2026,Gaming,1996644,27.57164935755026
FR,2026,Howto & Style,34789,0.4804011679096604
FR,2026,Music,39249,0.5419892908472869
FR,2026,News & Politics,10000,0.138089961743557
FR,2026,People & Blogs,696851,9.622812793095942
FR,2026,Pets & Animals,916984,12.662628547945387
FR,2026,Science & Technology,22412,0.30948722225965997
FR,2026,Shows,491923,6.79296282507758
FR,2026,Sports,10000,0.138089961743557
GB,2020,Autos & Vehicles,23055513,14.376577919811147
GB,2020,Comedy,18273086,11.394430681911533
GB,2020,Education,6089627,3.7972695323710988
GB,2020,Entertainment,7256143,4.524666410016217
GB,2020,Film & Animation,868124,0.5413304978318257
GB,2020,Gaming,19498747,12.158708226712797
GB,2020,Howto & Style,1766579,1.1015743022071145
GB,2020,Music,23548103,14.683739097162515
GB,2020,News & Politics,409851,0.2555681514010345
GB,2020,Nonprofits & Activism,416966,0.2600048061785472
GB,2020,People & Blogs,348696,0.2174341214756951
GB,2020,Pets & Animals,87502,0.054563059218821756
GB,2020,Science & Technology,47393247,29.552702139759628
GB,2020,Shorts,326983,0.2038946857505885
GB,2020,Shows,476146,0.2969072980595313
GB,2020,Sports,2963925,1.8481956446155092
GB,2020,Travel & Events,7589336,4.7324334255163985
GB,2021,Autos & Vehicles,1121498,0.3403597561390683
GB,2021,Comedy,74137639,22.499789327102036
GB,2021,Education,1235471,0.3749490487516615
GB,2021,Entertainment,49971245,15.165609534894969
GB,2021,Film & Animation,4027449,1.2222773107955027
GB,2021,Gaming,769527,0.23354122973240152
GB,2021,Howto & Style,3875917,1.1762893602443065
GB,2021,Music,169736185,51.51267905477833
GB,2021,News & Politics,1683726,0.5109884910762293
GB,2021,Nonprofits & Activism,246032,0.07466744615006649
GB,2021,People & Blogs,1029059,0.3123057466823066
GB,2021,Pets & Animals,990819,0.3007004142833563
GB,2021,Science & Technology,16372513,4.968840365353952
GB,2021,Shows,1120617,0.3400923843335381
GB,2021,Sports,1566760,0.4754908626929756
GB,2021,Travel & Events,1619246,0.4914196669892963
GB,2022,Autos & Vehicles,3134463,0.6659833901675614
GB,2022,Comedy,36194182,7.6902244603626615
GB,2022,Education,187311,0.03979820938887334
GB,2022,Entertainment,60741159,12.905752275119179
GB,2022,Film & Animation,10096245,2.1451621770817813
GB,2022,Gaming,9419301,2.0013310136341382
GB,2022,Howto & Style,243932,0.05182854617532687
GB,2022,Music,7450313,1.5829775976138352
GB,2022,News & Politics,2114690,0.4493109075951576
GB,2022,Nonprofits & Activism,81317335,17.277598887813095
GB,2022,People & Blogs,117774738,25.023750253021433
GB,2022,Pets & Animals,48473,0.010299120733469242
GB,2022,Science & Technology,136344827,28.969360977389
GB,2022,Shorts,834847,0.17738101720493052
GB,2022,Sports,4559787,0.9688238159780397
GB,2022,Travel & Events,190225,0.040417350721518926
GB,2023,Autos & Vehicles,2397507,1.0213201394350322
GB,2023,Comedy,18985342,8.087614400567661
GB,2023,Education,7693759,3.2774840760254436
GB,2023,Entertainment,13377391,5.698669009682534
GB,2023,Film & Animation,14430450,6.147264306677836
GB,2023,Gaming,1939370,0.8261571869513283
GB,2023,Howto & Style,1424536,0.6068417344142156
GB,2023,Music,1234258,0.5257847224883196
GB,2023,News & Politics,401450,0.17101471235587368
GB,2023,Nonprofits & Activism,231297,0.09853080065705944
GB,2023,People & Blogs,5517375,2.3503606889637276
GB,2023,Pets & Animals,6632358,2.8253351491124117
GB,2023,Science & Technology,1736033,0.7395371382122418
GB,2023,Shorts,98076,0.04177964610540458
GB,2023,Shows,819209,0.348976937338007
GB,2023,Sports,129930232,55.34931187398663
GB,2023,Travel & Events,27897242,11.884017477026275
GB,2024,Comedy,10000,0.0032600889581778053
GB,2024,Education,1225860,0.39964126502718444
GB,2024,Entertainment,119001051,38.79540123766539
GB,2024,Film & Animation,75588374,24.642482344401433
GB,2024,Gaming,12663383,4.128375509147653
GB,2024,Howto & Style,366349,0.11943303297394808
GB,2024,Music,20390913,6.647619031846427
GB,2024,News & Politics,620145,0.2021727866969175
GB,2024,Nonprofits & Activism,10000,0.0032600889581778053
GB,2024,People & Blogs,3303208,1.076875192736459
GB,2024,Pets & Animals,3391355,1.105611898876109
GB,2024,Science & Technology,14398559,4.694058320957166
GB,2024,Shorts,102421,0.0333901571185529
GB,2024,Shows,4507625,1.4695258490106229
GB,2024,Sports,51140853,16.67237301770943
GB,2024,Travel & Events,20000,0.006520177916355611
GB,2025,Autos & Vehicles,322807,0.29417031149417955
GB,2025,Comedy,879773,0.8017270302507963
GB,2025,Education,1358237,1.2377457780435985
GB,2025,Entertainment,16983202,15.476596921716606
GB,2025,Film & Animation,1720682,1.5680377436747897
GB,2025,Gaming,8543168,7.785290875684564
GB,2025,Howto & Style,509906,0.4646714812651247
GB,2025,Music,17297071,15.762622136468352
GB,2025,News & Politics,8485529,7.732765116998373
GB,2025,People & Blogs,170435,0.15531545796562804
GB,2025,Pets & Animals,708072,0.6452578810258349
GB,2025,Science & Technology,11661483,10.626975519719458
GB,2025,Shorts,381776,0.34790808390462996
GB,2025,Shows,369311,0.33654887257162003
GB,2025,Sports,24602657,22.420118749824063
GB,2025,Travel & Events,15740622,14.34424803939238
GB,2026,Autos & Vehicles,301473,0.07154972608418668
GB,2026,Comedy,14299,0.003393635693006622
GB,2026,Education,448921,0.10654411699700858
GB,2026,Entertainment,39346,0.00933813483299801
GB,2026,Film & Animation,104968510,24.912573059495248
GB,2026,Gaming,2593370,0.615494300102985
GB,2026,Music,3726858,0.8845092895704086
GB,2026,News & Politics,185982,0.04413981071800528
GB,2026,People & Blogs,86284671,20.478266960272286
GB,2026,Pets & Animals,57084716,13.548131319864758
GB,2026,Science & Technology,160839225,38.172580935416676
GB,2026,Shows,4490971,1.0658591147533143
GB,2026,Sports,369183,0.08761959619912327
ID,2020,Autos & Vehicles,10000,0.0034969115469547433
ID,2020,Comedy,1106136,0.3868059750902332
ID,2020,Education,69254,0.02421751122728038
ID,2020,Entertainment,2387740,0.8349715577125718
ID,2020,Film & Animation,2391575,0.836312623290829
ID,2020,Gaming,1075067,0.37594142060499947
ID,2020,Howto & Style,14686357,5.135689137599962
ID,2020,Music,140923926,49.27985040715958
ID,2020,News & Politics,259038,0.09058329733000627
ID,2020,People & Blogs,5382591,1.8822444620434677
ID,2020,Pets & Animals,6327412,2.2126400085140006
ID,2020,Science & Technology,5011245,1.7523880505119223
ID,2020,Shorts,1474204,0.515516099016687
ID,2020,Shows,41914586,14.657159976922763
ID,2020,Sports,62947496,22.01218256142875
ID,2021,Autos & Vehicles,448595,0.6872533669738874
ID,2021,Comedy,176321,0.2701260623016369
ID,2021,Entertainment,571712,0.8758702101881989
ID,2021,Film & Animation,20000,0.030640259787732247
ID,2021,Gaming,1923677,2.94709815138427
ID,2021,Howto & Style,10000,0.015320129893866124
ID,2021,Music,58627606,89.81825392864049
ID,2021,News & Politics,1076421,1.6490909540485266
ID,2021,Nonprofits & Activism,55419,0.08490262785881666
ID,2021,People & Blogs,692031,1.0602004810582066
ID,2021,Pets & Animals,284758,0.43625295483175297
ID,2021,Sports,1254634,1.922115584926083
ID,2021,Travel & Events,132424,0.20287528810653274
ID,2022,Comedy,4131600,10.60799395378236
ID,2022,Education,1609396,4.132167450198837
ID,2022,Entertainment,1465673,3.7631547880293477
ID,2022,Film & Animation,288530,0.7408085234497106
ID,2022,Gaming,235137,0.6037205620850331
ID,2022,Howto & Style,416776,1.0700835724856224
ID,2022,Music,103789,0.26648104474516343
ID,2022,News & Politics,102890,0.2641728381025915
ID,2022,Nonprofits & Activism,10000,0.025675268549187627
ID,2022,People & Blogs,17524879,44.99559746170187
ID,2022,Pets & Animals,10000,0.025675268549187627
ID,2022,Science & Technology,3525202,9.051050804013332
ID,2022,Shows,20000,0.051350537098375254
ID,2022,Sports,82701,0.2123370384286366
ID,2022,Travel & Events,9421413,24.189730888780744
ID,2023,Autos & Vehicles,337629,0.24170298689021394
ID,2023,Comedy,4810840,3.444000359717077
ID,2023,Education,949746,0.679907368700654
ID,2023,Entertainment,63401258,45.38790634452926
ID,2023,Film & Animation,2952694,2.1137845362004253
ID,2023,Gaming,593161,0.4246340966172521
ID,2023,Howto & Style,16553310,11.850239374934166
ID,2023,Music,20783379,14.878475433008859
ID,2023,Nonprofits & Activism,1880357,1.346116309084593
ID,2023,People & Blogs,5350555,3.8303733536525852
ID,2023,Pets & Animals,243633,0.17441281348765506
ID,2023,Science & Technology,1380931,0.9885855403098964
ID,2023,Sports,20268489,14.509874243774812
ID,2023,Travel & Events,181576,0.1299872390925468
ID,2024,Autos & Vehicles,10000,0.014948014914830323
ID,2024,Comedy,2181927,3.2615477339070975
ID,2024,Education,59152,0.08842049782420432
ID,2024,Entertainment,13502419,20.183436059828832
ID,2024,Film & Animation,117034,0.1749425977542252
ID,2024,Gaming,27633729,41.30693932443792
ID,2024,Howto & Style,8224743,12.294358103464628
ID,2024,Music,958327,1.4325086289284596
ID,2024,News & Politics,1407321,2.1036655297953923
ID,2024,People & Blogs,3026841,4.524526441281992
ID,2024,Pets & Animals,2404248,3.593873496295097
ID,2024,Science & Technology,6133660,9.168604116249815
ID,2024,Shows,20453,0.03057317490530246
ID,2024,Sports,1218661,1.8216562804122034
ID,2025,Autos & Vehicles,2356633,5.67154403157287
ID,2025,Comedy,697321,1.6781937432092418
ID,2025,Entertainment,14976599,36.04313470604469
ID,2025,Film & Animation,10000,0.024066301505465085
ID,2025,Gaming,1197776,2.8826038352009946
ID,2025,Howto & Style,5925267,14.259926212238257
ID,2025,Music,391101,0.94123545850889
ID,2025,News & Politics,10289,0.024761817618973024
ID,2025,People & Blogs,98173,0.2362661017696024
ID,2025,Pets & Animals,35705,0.08592872952526309
ID,2025,Science & Technology,677692,1.6309539999841645
ID,2025,Shorts,3459405,8.325508375951344
ID,2025,Shows,10000,0.024066301505465085
ID,2025,Sports,11705916,28.171810385364783
ID,2026,Entertainment,10000,0.006260389350892407
ID,2026,Gaming,1158202,0.7250795466982287
ID,2026,Music,25770951,16.133618720277003
ID,2026,News & Politics,122768314,76.85774455926152
ID,2026,Pets & Animals,9298397,5.82115855591699
ID,2026,Science & Technology,10000,0.006260389350892407
ID,2026,Travel & Events,718610,0.44987783914447926
IN,2020,Autos & Vehicles,1956617,0.3607506949128971
IN,2020,Comedy,69008977,12.723510226057593
IN,2020,Education,4600187,0.8481581510225431
IN,2020,Entertainment,50187152,9.253241671568423
IN,2020,Film & Animation,2654651,0.48945051228790154
IN,2020,Gaming,17024923,3.1389652666252843
IN,2020,Howto & Style,226719,0.0418012502191063
IN,2020,Music,51951162,9.578480506421283
IN,2020,News & Politics,5557759,1.0247102122737397
IN,2020,Nonprofits & Activism,15294919,2.8199962782120735
IN,2020,People & Blogs,19644118,3.621878589141845
IN,2020,Pets & Animals,1321884,0.24372198115126262
IN,2020,Science & Technology,3647434,0.6724945915061189
IN,2020,Shorts,518428,0.09558501293932506
IN,2020,Shows,294066555,54.21843624321554
IN,2020,Sports,1756655,0.32388275884969575
IN,2020,Travel & Events,2955590,0.5449360535953687
IN,2021,Autos & Vehicles,796737,0.09238516679911075
IN,2021,Comedy,34382267,3.9867753998202184
IN,2021,Education,6045112,0.7009573804647029
IN,2021,Entertainment,17461493,2.024737075555051
IN,2021,Film & Animation,185115006,21.464900847241168
IN,2021,Gaming,227944196,26.43113419905087
IN,2021,Howto & Style,46844609,5.431838882974087
IN,2021,Music,109973023,12.751856727197863
IN,2021,News & Politics,11872180,1.3766315980920514
IN,2021,Nonprofits & Activism,12325522,1.429198601114432
IN,2021,People & Blogs,56851706,6.592205886790755
IN,2021,Pets & Animals,481807,0.055867645232967916
IN,2021,Science & Technology,28057063,3.253340117439204
IN,2021,Shorts,297067,0.03444622798428018
IN,2021,Shows,59934140,6.949627695037705
IN,2021,Sports,62969468,7.30158735496314
IN,2021,Travel & Events,1056529,0.12250919424238826
IN,2022,Autos & Vehicles,2629697,0.6408258167988289
IN,2022,Comedy,37926014,9.242117589773201
IN,2022,Education,6953920,1.69458742355249
IN,2022,Entertainment,46152592,11.246836599723503
IN,2022,Film & Animation,66326506,16.162978998288562
IN,2022,Gaming,149291391,36.38053265399335
IN,2022,Howto & Style,3601710,0.8776937999406434
IN,2022,Music,16907246,4.120094340819012
IN,2022,News & Politics,2071757,0.5048624886189137
IN,2022,People & Blogs,41419931,10.093543520347072
IN,2022,Pets & Animals,110078,0.026824696632951058
IN,2022,Science & Technology,16345208,3.9831323788811996
IN,2022,Shorts,3652895,0.8901669743911023
IN,2022,Shows,820556,0.19995971738537935
IN,2022,Sports,13347092,3.252527242792275
IN,2022,Travel & Events,2804059,0.683315758061521
IN,2023,Autos & Vehicles,3845484,0.5499502222544653
IN,2023,Comedy,3044834,0.43544769267742445
IN,2023,Education,6123829,0.8757808170826716
IN,2023,Entertainment,53465385,7.646189754962069
IN,2023,Film & Animation,25106447,3.590522313360283
IN,2023,Gaming,116349994,16.639441240583945
IN,2023,Howto & Style,145298271,20.7793912104795
IN,2023,Music,13127627,1.8774077297743847
IN,2023,News & Politics,4639217,0.663463538071331
IN,2023,Nonprofits & Activism,153353,0.02193131383029783
IN,2023,People & Blogs,8320773,1.1899700949682679
IN,2023,Pets & Animals,2273727,0.325170165574991
IN,2023,Science & Technology,19454004,2.7821553342932277
IN,2023,Shorts,157202240,22.481801205491898
IN,2023,Shows,117358920,16.783729730131245
IN,2023,Sports,16355707,2.339061792944377
IN,2023,Travel & Events,7122382,1.0185858435196202
IN,2024,Autos & Vehicles,312223,0.011662886243026792
IN,2024,Comedy,5094444,0.19029962828962116
IN,2024,Education,5023769,0.18765960982453075
IN,2024,Entertainment,127924505,4.778536333039245
IN,2024,Film & Animation,60701227,2.267454688838255
IN,2024,Gaming,2017873447,75.37634468051795
IN,2024,Howto & Style,32527647,1.2150490089273749
IN,2024,Music,90071160,3.3645493536910003
IN,2024,News & Politics,223077972,8.332931945311897
IN,2024,Nonprofits & Activism,5932558,0.22160682936285458
IN,2024,People & Blogs,70436073,2.6310935030556077
IN,2024,Pets & Animals,3081497,0.11510730781918159
IN,2024,Science & Technology,10508057,0.3925216061156333
IN,2024,Shorts,1911684,0.07140970724326662
IN,2024,Shows,2752765,0.10282773866366555
IN,2024,Sports,10384217,0.3878956437991594
IN,2024,Travel & Events,9451364,0.35304952925773786
IN,2025,Autos & Vehicles,9183034,1.3831843019396375
IN,2025,Comedy,1015178,0.15291005927610388
IN,2025,Education,3978644,0.599278835710107
IN,2025,Entertainment,113343003,17.072164002038676
IN,2025,Film & Animation,615019,0.09263655412738468
IN,2025,Gaming,21168971,3.1885527566831864
IN,2025,Howto & Style,34540658,5.20264826682181
IN,2025,Music,71653039,10.792659455586097
IN,2025,News & Politics,278078112,41.8852069186951
IN,2025,Nonprofits & Activism,10936785,1.6473410994328124
IN,2025,People & Blogs,13709529,2.0649825863419666
IN,2025,Pets & Animals,1546619,0.232957769935468
IN,2025,Science & Technology,3444989,0.5188976437585584
IN,2025,Shorts,2942703,0.44324137260851665
IN,2025,Shows,18381859,2.7687471057243
IN,2025,Sports,54576741,8.220561026151639
IN,2025,Travel & Events,24790425,3.734030245168638
IN,2026,Autos & Vehicles,591076,0.44233784662480197
IN,2026,Comedy,15847411,11.85957416020647
IN,2026,Education,46257,0.034616905053366176
IN,2026,Entertainment,3418578,2.558328253962134
IN,2026,Film & Animation,157044,0.11752550397130894
IN,2026,Gaming,623546,0.46663710743036224
IN,2026,Howto & Style,3772483,2.823176726256307
IN,2026,Music,34464417,25.791803424532915
IN,2026,News & Politics,18147486,13.580859109308689
IN,2026,People & Blogs,159312,0.11922278526194678
IN,2026,Pets & Animals,729427,0.5458742504347824
IN,2026,Science & Technology,34451693,25.782281287345054
IN,2026,Shows,1971544,1.475425372517322
IN,2026,Sports,19211890,14.37741686719232
IN,2026,Travel & Events,33300,0.02492039990222223
JP,2020,Autos & Vehicles,136138,0.6570446389094772
JP,2020,Comedy,2604221,12.568786426901212
JP,2020,Education,20000,0.09652626583459095
JP,2020,Entertainment,4711873,22.74097528884158
JP,2020,Film & Animation,273795,1.3214204477090914
JP,2020,Gaming,1407416,6.792630547792832
JP,2020,Howto & Style,80648,0.38923251435140455
JP,2020,Music,374577,1.8078259538761787
JP,2020,News & Politics,1494182,7.211390446863039
JP,2020,Nonprofits & Activism,164211,0.7925337319482008
JP,2020,People & Blogs,4200307,20.27199750344466
JP,2020,Pets & Animals,41946,0.2024445373348876
JP,2020,Science & Technology,22368,0.10795497570940651
JP,2020,Shows,673908,3.252491137802876
JP,2020,Sports,3727247,17.988861737659082
JP,2020,Travel & Events,786912,3.797883845021482
JP,2021,Autos & Vehicles,164064590,67.22983581065643
JP,2021,Comedy,182854,0.07492929703674492
JP,2021,Education,105629,0.043284296305764865
JP,2021,Entertainment,17139251,7.02326462186404
JP,2021,Film & Animation,1170517,0.4796505188815096
JP,2021,Gaming,4211257,1.7256747276574276
JP,2021,Howto & Style,12819920,5.253303694025326
JP,2021,Music,21391765,8.765845504201405
JP,2021,News & Politics,228442,0.09361019432808734
JP,2021,People & Blogs,41331,0.01693647815101504
JP,2021,Pets & Animals,13288,0.005445111941900459
JP,2021,Science & Technology,19610073,8.035749749686918
JP,2021,Shorts,1800059,0.7376221219916765
JP,2021,Shows,278651,0.11418466945533601
JP,2021,Sports,897353,0.3677142938290339
JP,2021,Travel & Events,80407,0.03294890998738638
JP,2022,Autos & Vehicles,60142,0.01788841903656393
JP,2022,Comedy,96785,0.028787380473776065
JP,2022,Education,1229142,0.3655915525163823
JP,2022,Entertainment,35876571,10.67099756647663
JP,2022,Film & Animation,1373328,0.40847771505181524
JP,2022,Gaming,36415562,10.831313100794356
JP,2022,Howto & Style,367403,0.10927901997423928
JP,2022,Music,218268058,64.92086202322903
JP,2022,News & Politics,3457792,1.0284731508310079
JP,2022,People & Blogs,25601444,7.61480094132429
JP,2022,Pets & Animals,541549,0.16107637658927473
JP,2022,Science & Technology,4445616,1.3222879499127598
JP,2022,Shorts,2372181,0.7055729400182114
JP,2022,Shows,3507724,1.0433247443818328
JP,2022,Sports,2309643,0.6869718634043868
JP,2022,Travel & Events,283406,0.08429525598544176
JP,2023,Autos & Vehicles,38708,0.007685625573576392
JP,2023,Comedy,6585411,1.3075592434150896
JP,2023,Education,20000,0.003971078626421614
JP,2023,Entertainment,1522844,0.30236666298871984
JP,2023,Film & Animation,541926,0.10760153778510799
JP,2023,Gaming,228829566,45.435009931796706
JP,2023,Howto & Style,10792550,2.1429032314793295
JP,2023,Music,19613298,3.8942974240718895
JP,2023,News & Politics,7523335,1.4937877408954827
JP,2023,Nonprofits & Activism,1584494,0.3146075128546645
JP,2023,People & Blogs,4693653,0.9319432554069844
JP,2023,Science & Technology,977445,0.19407554740013372
JP,2023,Shorts,10000,0.001985539313210807
JP,2023,Shows,124196,0.024659604054352937
JP,2023,Sports,217687236,43.222656506219884
JP,2023,Travel & Events,3096839,0.6148895581184443
JP,2024,Autos & Vehicles,1007345,0.7875864346880885
JP,2024,Comedy,367921,0.28765674980952527
JP,2024,Education,4246121,3.3198033440819397
JP,2024,Entertainment,24370001,19.053533993751053
JP,2024,Film & Animation,152926,0.1195642437408342
JP,2024,Gaming,3126693,2.444585511651126
JP,2024,Howto & Style,763220,0.5967188189574009
JP,2024,Music,19518768,15.260627588982873
JP,2024,News & Politics,74431,0.05819341528500079
JP,2024,Nonprofits & Activism,43926007,34.34327588186174
JP,2024,People & Blogs,10170272,7.951564026513355
JP,2024,Pets & Animals,61138,0.04780036575747173
JP,2024,Science & Technology,10000,0.00781843792035587
JP,2024,Shorts,406661,0.3179453783129839
JP,2024,Sports,362949,0.2837694224755243
JP,2024,Travel & Events,19338334,15.119556386210725
JP,2025,Autos & Vehicles,2300461,0.8566730453923681
JP,2025,Comedy,3267742,1.2168806559626737
JP,2025,Education,933527,0.3476378943377007
JP,2025,Entertainment,6580523,2.4505334707628266
JP,2025,Film & Animation,75721,0.028197887149643275
JP,2025,Gaming,26306802,9.796440010882185
JP,2025,Howto & Style,1426607,0.531256892974091
JP,2025,Music,1234376,0.45967162541736195
JP,2025,News & Politics,258665,0.09632475112006547
JP,2025,Nonprofits & Activism,73004,0.02718609835412313
JP,2025,People & Blogs,7746935,2.8848958530080386
JP,2025,Pets & Animals,206287142,76.8196609994379
JP,2025,Science & Technology,3753489,1.397768904787673
JP,2025,Shorts,446542,0.16628862433903416
JP,2025,Shows,548324,0.20419141682546452
JP,2025,Sports,1244981,0.4636208415294308
JP,2025,Travel & Events,6049463,2.2527710277194233
JP,2026,Comedy,253146,9.222093300716395
JP,2026,Film & Animation,12655,0.46102087617645937
JP,2026,Gaming,36704,1.3371244756365677
JP,2026,Music,30000,1.092898165570429
JP,2026,News & Politics,116814,4.255526877098137
JP,2026,Pets & Animals,564556,20.56674055872597
JP,2026,Sports,1674344,60.99624953779516
JP,2026,Travel & Events,56776,2.0683462082808894
KR,2020,Autos & Vehicles,2027854,3.7397375724995157
KR,2020,Comedy,363464,0.6702947929441488
KR,2020,Education,38858,0.07166133389888335
KR,2020,Entertainment,1076280,1.9848592425932927
KR,2020,Film & Animation,65897,0.12152624736051047
KR,2020,Gaming,1690574,3.1177309149923005
KR,2020,Howto & Style,37871518,69.84207876513383
KR,2020,Music,25152,0.04638493669835591
KR,2020,News & Politics,506343,0.933790076441461
KR,2020,People & Blogs,880139,1.623138986989276
KR,2020,Pets & Animals,473328,0.8729043144703963
KR,2020,Science & Technology,221576,0.40862709660762203
KR,2020,Shorts,8869712,16.357388265451963
KR,2020,Shows,10000,0.018441848242030816
KR,2020,Sports,63683,0.11744322215972486
KR,2020,Travel & Events,40122,0.07399238351667603
KR,2021,Autos & Vehicles,14758856,13.454798619292088
KR,2021,Comedy,35354,0.03223020472497682
KR,2021,Education,3487825,3.179649086238962
KR,2021,Entertainment,8019677,7.31107743220535
KR,2021,Film & Animation,495292,0.45152917798956893
KR,2021,Gaming,1979551,1.8046425862287885
KR,2021,Howto & Style,1450561,1.3223928832965748
KR,2021,Music,3322128,3.0285926786948516
KR,2021,News & Politics,6584073,6.002319983995936
KR,2021,Nonprofits & Activism,10000,0.009116423806351989
KR,2021,People & Blogs,51136848,46.61851784890031
KR,2021,Pets & Animals,78985,0.07200607343447119
KR,2021,Science & Technology,2217474,2.021543276356657
KR,2021,Shorts,10000,0.009116423806351989
KR,2021,Sports,15867262,14.465268503842427
KR,2021,Travel & Events,238250,0.21719879718633614
KR,2022,Autos & Vehicles,419864,3.454461293963414
KR,2022,Comedy,534827,4.400327654827684
KR,2022,Entertainment,285491,2.3488977604055337
KR,2022,Film & Animation,80475,0.6621138574197972
KR,2022,Gaming,1481123,12.186046136603695
KR,2022,Howto & Style,34080,0.28039565406482375
KR,2022,Music,5980856,49.20792341512692
KR,2022,News & Politics,349501,2.875544644698062
KR,2022,Nonprofits & Activism,491989,4.047874925108526
KR,2022,People & Blogs,64874,0.5337555065082562
KR,2022,Pets & Animals,586544,4.82583299641426
KR,2022,Science & Technology,1129272,9.291166697684613
KR,2022,Shows,157181,1.2932179959378831
KR,2022,Sports,558177,4.592441461236535
KR,2023,Autos & Vehicles,3095305,3.4152750121128257
KR,2023,Comedy,200212,0.2209084535207784
KR,2023,Entertainment,39072140,43.11113231548232
KR,2023,Film & Animation,743381,0.820226295560355
KR,2023,Gaming,214188,0.23632919027185428
KR,2023,Howto & Style,8478106,9.354510644942524
KR,2023,Music,18427330,20.332212718603508
KR,2023,News & Politics,54112,0.059705703139254204
KR,2023,People & Blogs,17697270,19.52668445068061
KR,2023,Pets & Animals,345863,0.38161578956334774
KR,2023,Science & Technology,2137336,2.3582781772035966
KR,2023,Shorts,45631,0.050347999333739436
KR,2023,Shows,88361,0.09749511448639193
KR,2023,Sports,21973,0.024244408173396518
KR,2023,Travel & Events,10000,0.011033726925497893
KR,2024,Autos & Vehicles,1147161,1.1026291496134366
KR,2024,Comedy,346361,0.3329155496824417
KR,2024,Education,1725243,1.6582704798773096
KR,2024,Entertainment,5729206,5.506802915841978
KR,2024,Film & Animation,18650095,17.92611358829302
KR,2024,Gaming,749514,0.7204184804429068
KR,2024,Howto & Style,6136674,5.898453341836836
KR,2024,Music,15299493,14.70557921347285
KR,2024,News & Politics,13160,0.01264913957928558
KR,2024,Nonprofits & Activism,2261113,2.173338445405559
KR,2024,People & Blogs,422120,0.40573364735623324
KR,2024,Pets & Animals,20000,0.01922361638189298
KR,2024,Science & Technology,698616,0.6714962991126273
KR,2024,Shows,629547,0.605108501118579
KR,2024,Sports,50210394,48.26126763198505
KR,2025,Education,1749152,1.7991723189351883
KR,2025,Entertainment,31521900,32.42332851589977
KR,2025,Film & Animation,17875630,18.38681754331666
KR,2025,Gaming,12550737,12.909649128626711
KR,2025,Howto & Style,3421887,3.5197423488205564
KR,2025,Music,1659547,1.7070048940126044
KR,2025,News & Politics,18522183,19.051859952623857
KR,2025,People & Blogs,7595102,7.812298346792781
KR,2025,Pets & Animals,1414059,1.4544966990525543
KR,2025,Science & Technology,620247,0.637984139344433
KR,2025,Shorts,118411,0.12179718712692468
KR,2025,Sports,10000,0.010285968966305892
KR,2025,Travel & Events,160960,0.16556295648165964
KR,2026,Entertainment,20000,0.49062874564383
KR,2026,Film & Animation,1217270,29.861382660493245
KR,2026,Gaming,1798199,44.11240598939948
KR,2026,Music,846206,20.758649416814144
KR,2026,News & Politics,74370,1.824402990676582
KR,2026,Shows,120357,2.9525301969727225
MX,2020,Comedy,443522872,62.15500619632435
MX,2020,Education,141591746,19.842574995722842
MX,2020,Entertainment,17502736,2.4528220148534507
MX,2020,Film & Animation,3422419,0.47961556794621896
MX,2020,Gaming,410441,0.0575189342168256
MX,2020,Howto & Style,278995,0.039098177452601614
MX,2020,Music,3051025,0.42756865485877465
MX,2020,News & Politics,1705278,0.23897654742922836
MX,2020,Nonprofits & Activism,6572860,0.9211163162461945
MX,2020,People & Blogs,14798704,2.073880732846557
MX,2020,Pets & Animals,64850,0.009088036731128568
MX,2020,Science & Technology,43433,0.0060866723106107485
MX,2020,Shows,10000,0.0014013934820552916
MX,2020,Sports,80600102,11.295245759579169
MX,2021,Autos & Vehicles,150738,0.2515912934838192
MX,2021,Comedy,3250433,5.42517907131905
MX,2021,Education,2123058,3.543518610842457
MX,2021,Entertainment,4000091,6.676405874716289
MX,2021,Film & Animation,2083316,3.4771866893254275
MX,2021,Gaming,9992965,16.67889311314024
MX,2021,Howto & Style,428256,0.7147864571787238
MX,2021,Music,6226661,10.39269258631036
MX,2021,News & Politics,4408843,7.358638917440075
MX,2021,Nonprofits & Activism,181708,0.3032821900009143
MX,2021,People & Blogs,8482979,14.158630598827603
MX,2021,Pets & Animals,801888,1.3384019898708541
MX,2021,Science & Technology,2042549,3.409143977723477
MX,2021,Shorts,82650,0.1379480980670943
MX,2021,Shows,10000,0.01669063497484504
MX,2021,Sports,15625658,26.080215391976726
MX,2021,Travel & Events,22045,0.0367945048020459
MX,2022,Autos & Vehicles,671307,0.19015024738054123
MX,2022,Comedy,1397310,0.39579334368225577
MX,2022,Education,103187,0.029228108118127635
MX,2022,Entertainment,325607584,92.22957997843068
MX,2022,Gaming,237668,0.0673203601250076
MX,2022,Howto & Style,87043,0.024655259043544087
MX,2022,Music,5188187,1.4695735952500244
MX,2022,News & Politics,199931,0.05663121211165531
MX,2022,Nonprofits & Activism,143302,0.040590833627723706
MX,2022,People & Blogs,6263018,1.7740235422076378
MX,2022,Pets & Animals,1855227,0.5255000662842177
MX,2022,Science & Technology,10000,0.002832537831134507
MX,2022,Shorts,1405205,0.3980296322999365
MX,2022,Shows,166637,0.047200560656676084
MX,2022,Sports,754633,0.21375265211225264
MX,2022,Travel & Events,8950059,2.5351380708385873
MX,2023,Autos & Vehicles,15668283,22.721411207915285
MX,2023,Comedy,561734,0.8146003747485978
MX,2023,Education,566411,0.8213827414073708
MX,2023,Entertainment,13177519,19.109421747048902
MX,2023,Film & Animation,1047827,1.5195097089934007
MX,2023,Gaming,3350994,4.859454774288725
MX,2023,Howto & Style,1718104,2.4915140658337664
MX,2023,Music,11713142,16.985850709915262
MX,2023,News & Politics,7453534,10.808766408302533
MX,2023,Nonprofits & Activism,6218202,9.0173457178352745
MX,2023,People & Blogs,2584444,3.747839815494104
MX,2023,Pets & Animals,10000,0.014501532304410947
MX,2023,Science & Technology,894253,1.29680387678164
MX,2023,Shorts,20000,0.029003064608821894
MX,2023,Shows,20000,0.029003064608821894
MX,2023,Sports,1959279,2.841254771185397
MX,2023,Travel & Events,1994504,2.892336418727685
MX,2024,Comedy,4071129,1.2328228678724757
MX,2024,Education,27051657,8.191806588158355
MX,2024,Entertainment,108199722,32.765135071633594
MX,2024,Film & Animation,1521676,0.4607952659551484
MX,2024,Gaming,55113855,16.689626091584863
MX,2024,Howto & Style,4733362,1.4333608479413444
MX,2024,Music,6216180,1.8823891001271458
MX,2024,News & Politics,112682948,34.12274951584317
MX,2024,Nonprofits & Activism,818432,0.24783829876149985
MX,2024,People & Blogs,4445665,1.3462401891220568
MX,2024,Pets & Animals,43995,0.013322604631798593
MX,2024,Science & Technology,2606158,0.7891990599386056
MX,2024,Shorts,520465,0.15760766950083088
MX,2024,Shows,1900326,0.5754583923065641
MX,2024,Sports,188307,0.05702329151949308
MX,2024,Travel & Events,114342,0.03462514510305977
MX,2025,Autos & Vehicles,17777167,8.221650412483452
MX,2025,Comedy,510474,0.23608591698902745
MX,2025,Education,5309795,2.4556937701014214
MX,2025,Entertainment,7588554,3.5095827205905734
MX,2025,Film & Animation,1263237,0.5842265532024512
MX,2025,Gaming,868899,0.4018516460894168
MX,2025,Howto & Style,10253507,4.742080110737104
MX,2025,Music,2969473,1.3733329340557174
MX,2025,News & Politics,59190680,27.374726166277004
MX,2025,Nonprofits & Activism,23319,0.010784657981145232
MX,2025,People & Blogs,416020,0.1924024792365041
MX,2025,Pets & Animals,483384,0.22355723288125162
MX,2025,Science & Technology,1806594,0.8355203225176504
MX,2025,Shorts,203882,0.09429210680182908
MX,2025,Shows,292995,0.1355054189796152
MX,2025,Sports,107255845,49.60408271382675
MX,2025,Travel & Events,10000,0.0046248372490866815
MX,2026,Autos & Vehicles,80609,0.061202742114267475
MX,2026,Comedy,37040,0.028122784898863242
MX,2026,Entertainment,85037112,64.56480586383753
MX,2026,Film & Animation,17614,0.013373507915998305
MX,2026,Gaming,486533,0.36940234625266283
MX,2026,Howto & Style,32433061,24.62494595342091
MX,2026,Music,13568605,10.30202375250109
MX,2026,News & Politics,10207,0.007749710190677568
MX,2026,Pets & Animals,10000,0.007592544519131546
MX,2026,Sports,27370,0.02078079434886304
NG,2020,Comedy,8846157,20.252509465979927
NG,2020,Entertainment,86486,0.19800219843201286
NG,2020,Film & Animation,20000,0.045788265946398926
NG,2020,Gaming,3197185,7.319677852991872
NG,2020,Howto & Style,30434083,69.67619431193893
NG,2020,News & Politics,300351,0.6876275732633432
NG,2020,People & Blogs,785051,1.7973061984743213
NG,2020,Travel & Events,10000,0.022894132973199463
NG,2021,Comedy,30675,0.3785574216383052
NG,2021,Entertainment,10000,0.12340910240857546
NG,2021,Film & Animation,137410,1.6957644761962352
NG,2021,Music,6122201,75.5535330174883
NG,2021,People & Blogs,93995,1.1599838580894049
NG,2021,Science & Technology,1468864,18.127118780026976
NG,2021,Shows,122635,1.513427527387565
NG,2021,Travel & Events,117350,1.448205816764633
NG,2022,Autos & Vehicles,61840811,71.546683060484
NG,2022,Entertainment,16270936,18.824648032015933
NG,2022,Film & Animation,10000,0.01156949301012304
NG,2022,Gaming,206177,0.23853633603481383
NG,2022,Howto & Style,310586,0.35933225560420745
NG,2022,Music,32735,0.03787273536863778
NG,2022,News & Politics,1247789,1.4436286113608419
NG,2022,Science & Technology,6505177,7.526159983111317
NG,2022,Sports,10000,0.01156949301012304
NG,2023,Education,10000,0.4506615711865018
NG,2023,Entertainment,43049,1.9400529978007717
NG,2023,Gaming,20000,0.9013231423730036
NG,2023,Music,30000,1.3519847135595053
NG,2023,News & Politics,10000,0.4506615711865018
NG,2023,People & Blogs,39428,1.7768684428741393
NG,2023,Science & Technology,104461,4.707655838771316
NG,2023,Shows,906478,40.851479972599776
NG,2023,Sports,489500,22.059883909579263
NG,2023,Travel & Events,566044,25.509427840069222
NG,2024,Autos & Vehicles,6969542,16.10399343819655
NG,2024,Education,1184795,2.7376161741486147
NG,2024,Entertainment,293394,0.677923319897669
NG,2024,Gaming,32302976,74.6400428519149
NG,2024,Music,10000,0.02310624347797395
NG,2024,News & Politics,506333,1.1699453578932983
NG,2024,Science & Technology,171748,0.396845110485507
NG,2024,Shorts,10000,0.02310624347797395
NG,2024,Sports,1733261,4.004915067687661
NG,2024,Travel & Events,96297,0.22250619281984574
NG,2025,Comedy,4473734,6.0275725158470985
NG,2025,Entertainment,34075,0.0459100906485477
NG,2025,Howto & Style,10000,0.013473247439045547
NG,2025,Music,722648,0.9736415315331386
NG,2025,News & Politics,806923,1.087187324325695
NG,2025,Nonprofits & Activism,67262777,90.62480379583417
NG,2025,People & Blogs,188729,0.2542792515923627
NG,2025,Pets & Animals,10000,0.013473247439045547
NG,2025,Science & Technology,311246,0.41934943724131707
NG,2025,Shows,31357,0.04224806199461512
NG,2025,Sports,369667,0.498061496104965
NG,2026,Film & Animation,44656,11.876848443583906
NG,2026,Music,10964,2.9160194897763785
NG,2026,Science & Technology,10000,2.6596310559799146
NG,2026,Shorts,291636,77.56441626417583
NG,2026,Shows,18736,4.983084746483968
PH,2020,Autos & Vehicles,1614650,4.280739976138252
PH,2020,Comedy,455351,1.207220901665704
PH,2020,Education,588356,1.5598421016324262
PH,2020,Entertainment,886765,2.3509803269688394
PH,2020,Film & Animation,5823267,15.438572965426978
PH,2020,Gaming,1240151,3.2878728901915766
PH,2020,Howto & Style,244276,0.64762148974152145
PH,2020,Music,1411522,3.742209551666688
PH,2020,News & Politics,24666874,65.39650922377311
PH,2020,People & Blogs,114922,0.30467977551652686
PH,2020,Pets & Animals,10000,0.026511875490900515
PH,2020,Science & Technology,10000,0.026511875490900515
PH,2020,Shows,363031,0.9624632671337106
PH,2020,Sports,289781,0.7682637791628641
PH,2021,Autos & Vehicles,21248,0.04702746702422415
PH,2021,Comedy,50892,0.11263751185037724
PH,2021,Education,602813,1.3341852635200315
PH,2021,Entertainment,1138240,2.519227412728393
PH,2021,Gaming,549138,1.2153882335630835
PH,2021,Music,12002150,26.56394546991678
PH,2021,News & Politics,20316673,44.96619303225928
PH,2021,Nonprofits & Activism,1261991,2.793121241404728
PH,2021,People & Blogs,4329004,9.581235544885844
PH,2021,Science & Technology,226869,0.5021213486595778
PH,2021,Shorts,3938321,8.716550308655378
PH,2021,Sports,744767,1.6483671655323016
PH,2022,Autos & Vehicles,2731047,8.95593588132484
PH,2022,Education,49840,0.1634405575316829
PH,2022,Gaming,21171,0.06942616459677486
PH,2022,Music,10000,0.03279304926398133
PH,2022,News & Politics,10000,0.03279304926398133
PH,2022,People & Blogs,17906455,58.72072609582647
PH,2022,Pets & Animals,169090,0.5544976700046602
PH,2022,Science & Technology,33393,0.10950582940721283
PH,2022,Sports,9548267,31.311679011664715
PH,2022,Travel & Events,15004,0.04920269111567758
PH,2023,Autos & Vehicles,7804230,25.02612931168917
PH,2023,Education,607712,1.9487738183350887
PH,2023,Entertainment,14738361,47.26207815868529
PH,2023,Film & Animation,1440914,4.6206352312814065
PH,2023,Gaming,52068,0.16696849029321686
PH,2023,Music,1806370,5.792557267629986
PH,2023,News & Politics,277622,0.890261316205413
PH,2023,Nonprofits & Activism,157090,0.5037466417024167
PH,2023,People & Blogs,110840,0.3554349593627594
PH,2023,Pets & Animals,86467,0.27727710782406817
PH,2023,Science & Technology,618289,1.9826914975590142
PH,2023,Shorts,708298,2.271326875195992
PH,2023,Shows,519193,1.664916481923756
PH,2023,Sports,10000,0.03206739077614213
PH,2023,Travel & Events,2246873,7.205135451536279
PH,2024,Autos & Vehicles,270003,2.819530440617746
PH,2024,Comedy,72651,0.7586645557320468
PH,2024,Education,97864,1.0219535599256864
PH,2024,Entertainment,1181713,12.340143537567059
PH,2024,Film & Animation,10000,0.10442589306851205
PH,2024,Gaming,1827163,19.08031280567417
PH,2024,Howto & Style,216064,2.256267615995499
PH,2024,Music,2734312,28.553297252794934
PH,2024,News & Politics,2027244,21.169676516778267
PH,2024,Nonprofits & Activism,39296,0.41035198940202494
PH,2024,People & Blogs,458328,4.786131071830499
PH,2024,Pets & Animals,20000,0.2088517861370241
PH,2024,Science & Technology,86904,0.9075027811225971
PH,2024,Shows,170030,1.7755534598439104
PH,2024,Sports,221573,2.313795840486942
PH,2024,Travel & Events,143024,1.493540893023087
PH,2025,Comedy,2650016,10.457551830076305
PH,2025,Education,60033,0.23690355417286946
PH,2025,Entertainment,2377616,9.382600917133598
PH,2025,Gaming,57371,0.22639871081657914
PH,2025,Music,5392718,21.280863206103447
PH,2025,News & Politics,4456822,17.587609683271474
PH,2025,People & Blogs,52085,0.20553898054559835
PH,2025,Pets & Animals,657027,2.5927744988179486
PH,2025,Science & Technology,122402,0.48302548328198774
PH,2025,Shorts,9264673,36.56045778071096
PH,2025,Sports,206809,0.8161142560747748
PH,2025,Travel & Events,43120,0.17016109899445525
PH,2026,Education,1299499,17.212623147505738
PH,2026,Film & Animation,2119710,28.076796836318756
PH,2026,Nonprofits & Activism,10000,0.13245583988526147
PH,2026,People & Blogs,10000,0.13245583988526147
PH,2026,Pets & Animals,4090451,54.18041227145076
PH,2026,Science & Technology,20026,0.2652560649542246
PK,2020,Comedy,41309312,89.90976270000358
PK,2020,Entertainment,10000,0.021765010925382532
PK,2020,Film & Animation,1004148,2.185529219070102
PK,2020,News & Politics,1221057,2.657631894551482
PK,2020,People & Blogs,2008216,4.370884318052801
PK,2020,Pets & Animals,372569,0.8108968355458845
PK,2020,Shorts,10000,0.021765010925382532
PK,2020,Travel & Events,10000,0.021765010925382532
PK,2021,Comedy,142928,0.2616016022182984
PK,2021,Entertainment,10013074,18.326963236947176
PK,2021,Gaming,163930,0.3000416339110997
PK,2021,Music,10000,0.018303033850491045
PK,2021,News & Politics,318980,0.5838301737629633
PK,2021,People & Blogs,43187,0.07904531229011567
PK,2021,Pets & Animals,58607,0.10726859048757287
PK,2021,Science & Technology,690774,1.2643259905039101
PK,2021,Sports,43172733,79.01919935172118
PK,2021,Travel & Events,21538,0.039421074307187616
PK,2022,Autos & Vehicles,10000,0.03544555021170564
PK,2022,Education,31268,0.11083114640196119
PK,2022,Entertainment,64640,0.22912003656846525
PK,2022,Film & Animation,91740,0.3251774776421875
PK,2022,Music,21366087,75.73327095861711
PK,2022,News & Politics,198839,0.7047957758545337
PK,2022,People & Blogs,1820929,6.454383030145093
PK,2022,Pets & Animals,3757155,13.317442620566089
PK,2022,Shows,10000,0.03544555021170564
PK,2022,Sports,861628,3.05408785378115
PK,2023,Autos & Vehicles,10000,0.12122835846498228
PK,2023,Comedy,117856,1.4287489415248953
PK,2023,Entertainment,50346,0.6103362935277997
PK,2023,Gaming,1005947,12.194930351277353
PK,2023,Music,452392,5.484273954269026
PK,2023,News & Politics,197856,2.3985758092447536
PK,2023,Nonprofits & Activism,57255,0.6940929663912561
PK,2023,People & Blogs,1896828,22.99493447304154
PK,2023,Pets & Animals,1687401,20.456085330216954
PK,2023,Science & Technology,10000,0.12122835846498228
PK,2023,Sports,32140,0.389627944106453
PK,2023,Travel & Events,2730874,33.10593721947
PK,2024,Education,289736,4.388418740354668
PK,2024,Music,319575,4.840368193627451
PK,2024,News & Politics,105794,1.6023841435551043
PK,2024,Nonprofits & Activism,771977,11.692569559608664
PK,2024,People & Blogs,2859115,43.30491843205241
PK,2024,Science & Technology,2226389,33.72148166233912
PK,2024,Sports,29701,0.44985926846257973
PK,2025,Autos & Vehicles,118133,0.22382149361973372
PK,2025,Comedy,537279,1.0179593193308973
PK,2025,Entertainment,395854,0.7500074791577803
PK,2025,Film & Animation,46586175,88.26481398534108
PK,2025,Gaming,399732,0.7573549582894145
PK,2025,Music,166164,0.3148237551389487
PK,2025,Nonprofits & Activism,14737,0.02792155749429893
PK,2025,People & Blogs,1002004,1.8984537080489587
PK,2025,Science & Technology,2232117,4.229095687690985
PK,2025,Shows,779986,1.4778057911208689
PK,2025,Sports,486629,0.921994951611128
PK,2025,Travel & Events,61197,0.11594731315590769
PK,2026,Comedy,149844,23.62788028061301
PK,2026,Gaming,28681,4.522511640961678
PK,2026,Sports,455658,71.8496080784253
RU,2020,Autos & Vehicles,1231307,0.6988905027348554
RU,2020,Comedy,10000,0.005676005275165782
RU,2020,Education,1071434,0.6081465035991975
RU,2020,Entertainment,803833,0.4562560348352337
RU,2020,Film & Animation,1299195,0.737423767346901
RU,2020,Gaming,225266,0.12786110043154952
RU,2020,Howto & Style,14069149,7.985656394109339
RU,2020,Music,3479733,1.9750982864168456
RU,2020,News & Politics,353631,0.2007211421462151
RU,2020,Nonprofits & Activism,138655510,78.7009406190802
RU,2020,People & Blogs,11370809,6.454077186690256
RU,2020,Pets & Animals,312568,0.17741376168480183
RU,2020,Science & Technology,215321,0.12221631318539714
RU,2020,Shows,10000,0.005676005275165782
RU,2020,Sports,3025619,1.717342940464182
RU,2020,Travel & Events,46870,0.026603436724702025
RU,2021,Education,572690,0.12808141287496888
RU,2021,Entertainment,373249015,83.47668231572133
RU,2021,Gaming,2166199,0.4844677373244595
RU,2021,Howto & Style,75539,0.0168942042765934
RU,2021,Music,6085905,1.3611051546610513
RU,2021,News & Politics,3921703,0.8770840439260404
RU,2021,Nonprofits & Activism,218647,0.04890013214980761
RU,2021,People & Blogs,7395471,1.653987977013496
RU,2021,Pets & Animals,21200,0.004741353878973511
RU,2021,Science & Technology,684998,0.15319895869759895
RU,2021,Shows,43718960,9.777691536824895
RU,2021,Sports,4040751,0.9037089824441555
RU,2021,Travel & Events,4978593,1.1134561902066213
RU,2022,Autos & Vehicles,165850,0.7587356157040019
RU,2022,Comedy,181022,0.8281449419714793
RU,2022,Education,42384,0.1938996101055075
RU,2022,Entertainment,3626366,16.59000928416074
RU,2022,Film & Animation,40000,0.182993214520109
RU,2022,Gaming,4235721,19.377705040008266
RU,2022,Howto & Style,8144934,37.26169136785323
RU,2022,Music,392657,1.7963391658455607
RU,2022,News & Politics,251865,1.1522396493776812
RU,2022,Nonprofits & Activism,10000,0.04574830363002725
RU,2022,People & Blogs,1194553,5.464877334615994
RU,2022,Pets & Animals,1253166,5.733021866682673
RU,2022,Science & Technology,332991,1.5233773374066404
RU,2022,Sports,1987225,9.091217268118088
RU,2023,Comedy,1695635,0.2083200950136253
RU,2023,Education,651508,0.08004211310932895
RU,2023,Entertainment,676313,0.08308957317992963
RU,2023,Film & Animation,4288627,0.5268864962789744
RU,2023,Gaming,130293,0.016007366054375076
RU,2023,Howto & Style,101239,0.012437887929350605
RU,2023,Music,26932974,3.3088959019361477
RU,2023,News & Politics,35587,0.004372100847912366
RU,2023,Nonprofits & Activism,3220719,0.39568685954948335
RU,2023,People & Blogs,6214280,0.7634658402552859
RU,2023,Pets & Animals,59510,0.007311201322372351
RU,2023,Science & Technology,30147145,3.7037782959124685
RU,2023,Sports,739802692,90.88970626861075
RU,2024,Autos & Vehicles,1340246,0.2176889057417755
RU,2024,Comedy,13674080,2.2210068242885987
RU,2024,Education,776621,0.12614234675282254
RU,2024,Entertainment,135278784,21.972600894938697
RU,2024,Film & Animation,180472,0.029313090430435687
RU,2024,Gaming,321324,0.05219091864371934
RU,2024,Howto & Style,10000,0.0016242458902453393
RU,2024,Music,1382569,0.22456320162306084
RU,2024,News & Politics,1296063,0.2105125001249045
RU,2024,People & Blogs,159401,0.02589064191509973
RU,2024,Pets & Animals,2038930,0.33117236729979294
RU,2024,Science & Technology,447582304,72.69837178185401
RU,2024,Shows,11315652,1.8379401256446455
RU,2024,Sports,10000,0.0016242458902453393
RU,2024,Travel & Events,303882,0.04935790896195342
RU,2025,Comedy,103528,0.04062790838978042
RU,2025,Education,138408,0.05431600672680558
RU,2025,Entertainment,991059,0.38892525945509804
RU,2025,Film & Animation,18586495,7.293972801050072
RU,2025,Gaming,10000,0.003924340119559966
RU,2025,Howto & Style,84694,0.03323680620860118
RU,2025,Music,3103748,1.2180162797404006
RU,2025,News & Politics,232572,0.09126916302863006
RU,2025,Nonprofits & Activism,443830,0.17417398752642999
RU,2025,People & Blogs,1256727,0.49318241854342376
RU,2025,Pets & Animals,16023,0.006287970173570934
RU,2025,Science & Technology,84027,0.03297505272262653
RU,2025,Sports,3184672,1.2497736097239278
RU,2025,Travel & Events,226584128,88.91931839659108
RU,2026,Comedy,931467,6.0995649281253925
RU,2026,Entertainment,1143104,7.485436486316583
RU,2026,Gaming,251981,1.6500578873475547
RU,2026,Music,3967375,25.97973026067642
RU,2026,News & Politics,7495671,49.084220852017935
RU,2026,Science & Technology,940273,6.1572296320355395
RU,2026,Sports,106635,0.6982825007334144
RU,2026,Travel & Events,434534,2.8454774527471605
SA,2020,Comedy,396136,11.347964699320588
SA,2020,Entertainment,203024,5.815955088946379
SA,2020,Gaming,10000,0.28646638274028585
SA,2020,Howto & Style,833946,23.889749402073043
SA,2020,Music,229168,6.564892799982583
SA,2020,News & Politics,37216,1.0661132900062478
SA,2020,Science & Technology,876476,25.108090927867476
SA,2020,Shorts,254777,7.298504559542181
SA,2020,Shows,640068,18.33579646678093
SA,2020,Sports,10000,0.28646638274028585
SA,2021,Autos & Vehicles,8222287,19.333555035210086
SA,2021,Comedy,9592030,22.55431364830566
SA,2021,Education,20000,0.047027195803819755
SA,2021,Music,95212,0.22387766834366432
SA,2021,News & Politics,1310527,3.0815204917596244
SA,2021,Nonprofits & Activism,21226886,49.91204621136801
SA,2021,Science & Technology,20000,0.047027195803819755
SA,2021,Shorts,2041641,4.800632553405318
SA,2022,Comedy,10000,0.13759855840742327
SA,2022,Entertainment,1585180,21.811848281627924
SA,2022,Film & Animation,2997663,41.24741073912717
SA,2022,Gaming,1445961,19.896214911335615
SA,2022,Music,10000,0.13759855840742327
SA,2022,People & Blogs,10000,0.13759855840742327
SA,2022,Science & Technology,100288,1.3799484225563665
SA,2022,Shows,1090396,15.003691769322073
SA,2022,Sports,18030,0.24809020080858415
SA,2023,Education,675400,2.649648864640761
SA,2023,Entertainment,173175,0.6793795412113768
SA,2023,Film & Animation,237641,0.9322848768760663
SA,2023,Gaming,8365734,32.81945157682354
SA,2023,Howto & Style,10000,0.03923080936690497
SA,2023,Music,573556,2.2501066097244546
SA,2023,People & Blogs,490890,1.925801201011998
SA,2023,Pets & Animals,10000,0.03923080936690497
SA,2023,Shorts,177454,0.6961664045394754
SA,2023,Shows,14766320,57.92946849707161
SA,2023,Sports,10000,0.03923080936690497
SA,2024,Education,533569,2.094126239034536
SA,2024,Gaming,10000,0.03924752448201706
SA,2024,Howto & Style,5191896,20.376906536808644
SA,2024,Music,38729,0.15200173756640387
SA,2024,People & Blogs,19695120,77.29847043762638
SA,2024,Sports,10000,0.03924752448201706
SA,2025,Autos & Vehicles,467387,12.348349386105633
SA,2025,Comedy,212847,5.623410838950218
SA,2025,Entertainment,1108315,29.281646365563578
SA,2025,Film & Animation,865812,22.87472496813752
SA,2025,News & Politics,92237,2.4368985494381
SA,2025,Science & Technology,10000,0.26419967577415787
SA,2025,Sports,1028418,27.170770216030792
SA,2026,Film & Animation,213025,0.6855849382371728
SA,2026,Gaming,872703,2.8086470243135566
SA,2026,Howto & Style,10000,0.0321833089185388
SA,2026,Music,20919717,67.32657146994077
SA,2026,Sports,9056562,29.14701325858996
TH,2020,Autos & Vehicles,39458,0.16923365008993513
TH,2020,Comedy,1105379,4.740922573439161
TH,2020,Education,35826,0.1536561596665319
TH,2020,Entertainment,7565394,32.44764663663882
TH,2020,Film & Animation,2797228,11.997189532509733
TH,2020,Gaming,2927629,12.556473763980605
TH,2020,Howto & Style,7031821,30.159175189037907
TH,2020,Music,42853,0.18379465779573192
TH,2020,News & Politics,82608,0.3543021280001359
TH,2020,Nonprofits & Activism,259176,1.1115946194867714
TH,2020,People & Blogs,290861,1.2474902098131841
TH,2020,Pets & Animals,20000,0.08577913228746269
TH,2020,Science & Technology,12154,0.05212797869109107
TH,2020,Shows,10000,0.04288956614373134
TH,2020,Sports,1095307,4.697724202419194
TH,2021,Autos & Vehicles,38585,0.005929918427451963
TH,2021,Education,1764272,0.2711413514017761
TH,2021,Entertainment,697356,0.1071728442372474
TH,2021,Film & Animation,28247763,4.34124479326152
TH,2021,Gaming,2363809,0.36328092647600874
TH,2021,Music,9724621,1.49452401886449
TH,2021,News & Politics,92834,0.014267151672776352
TH,2021,People & Blogs,605302202,93.02559755907868
TH,2021,Pets & Animals,40951,0.006293536076780753
TH,2021,Science & Technology,313692,0.048209614392750066
TH,2021,Sports,596260,0.09163595079830264
TH,2021,Travel & Events,1501142,0.23070233531222226
TH,2022,Autos & Vehicles,1604085,3.5822942029670366
TH,2022,Comedy,161611,0.360914881964301
TH,2022,Education,9759237,21.794641886484452
TH,2022,Entertainment,207949,0.46439839360931134
TH,2022,Film & Animation,8689477,19.40561945527537
TH,2022,Gaming,973434,2.173904110549637
TH,2022,Howto & Style,942328,2.1044371911049113
TH,2022,Music,22006347,49.14528175662826
TH,2022,News & Politics,91521,0.2043876401498338
TH,2022,People & Blogs,78242,0.17473255035022886
TH,2022,Science & Technology,263917,0.5893879309166605
TH,2023,Autos & Vehicles,18266486,52.498624915208616
TH,2023,Comedy,3042744,8.744970213154382
TH,2023,Education,807112,2.3196727686192
TH,2023,Entertainment,1504047,4.322692350780811
TH,2023,Film & Animation,1021257,2.9351342225883625
TH,2023,Gaming,105638,0.30360791554504835
TH,2023,News & Politics,979856,2.8161460619692615
TH,2023,Nonprofits & Activism,10000,0.02874040738607777
TH,2023,People & Blogs,96170,0.2763964978319099
TH,2023,Pets & Animals,4957652,14.248493815840321
TH,2023,Science & Technology,1111247,3.193769148655676
TH,2023,Shorts,385238,1.1071897060597826
TH,2023,Shows,1631599,4.68928199507171
TH,2023,Sports,875172,2.515279981288845
TH,2024,Comedy,2586234,2.152314235012148
TH,2024,Education,879386,0.731842132564336
TH,2024,Entertainment,86746402,72.1920428935225
TH,2024,Film & Animation,503904,0.4193587093354899
TH,2024,Gaming,6837191,5.690043328174072
TH,2024,Howto & Style,1102835,0.9178007362712045
TH,2024,Music,388010,0.3229094684885681
TH,2024,News & Politics,15123415,12.586000101497486
TH,2024,People & Blogs,3230093,2.6881462173620383
TH,2024,Pets & Animals,1074100,0.8938869103981111
TH,2024,Science & Technology,1223553,1.0182646037411227
TH,2024,Sports,465491,0.3873906636329272
TH,2025,Autos & Vehicles,31822,0.03141134100633302
TH,2025,Comedy,178338,0.17603657005805473
TH,2025,Education,20000,0.019741902461399667
TH,2025,Entertainment,995837,0.9829858460726432
TH,2025,Film & Animation,466242,0.4602252043703952
TH,2025,Gaming,9745960,9.620189585635137
TH,2025,Howto & Style,45676,0.04508655684134456
TH,2025,Music,87867243,86.73332704290515
TH,2025,News & Politics,434687,0.42907741776192193
TH,2025,Nonprofits & Activism,10295,0.01016214429200548
TH,2025,Science & Technology,10000,0.009870951230699834
TH,2025,Sports,232270,0.22927258423546507
TH,2025,Travel & Events,1268989,1.2526128531294554
TH,2026,Comedy,42074,0.44874127613426784
TH,2026,Education,149386,1.5932800369965712
TH,2026,Film & Animation,2243114,23.92398723379384
TH,2026,Music,10000,0.10665524460100487
TH,2026,News & Politics,4751504,50.6772821342653
TH,2026,Travel & Events,2179926,23.25005407420901
TR,2020,Autos & Vehicles,1515750,13.383043588857715
TR,2020,Comedy,43430,0.3834574191417388
TR,2020,Education,20000,0.1765864237355463
TR,2020,Entertainment,4002975,35.34355197763992
TR,2020,Gaming,21781,0.1923114447691967
TR,2020,Howto & Style,10000,0.08829321186777316
TR,2020,Music,1024153,9.042575781401547
TR,2020,News & Politics,132280,1.1679426065869032
TR,2020,People & Blogs,69176,0.6107771224165075
TR,2020,Pets & Animals,540458,4.771877269963294
TR,2020,Science & Technology,3803801,33.58498075958474
TR,2020,Shorts,20000,0.1765864237355463
TR,2020,Shows,91752,0.8101078775291922
TR,2020,Sports,30343,0.2679080927703841
TR,2021,Comedy,590643,1.139605630615721
TR,2021,Education,20000,0.03858864426110937
TR,2021,Entertainment,11887129,22.935409613345836
TR,2021,Film & Animation,16432,0.031704430124927456
TR,2021,Gaming,19849451,38.29817017086608
TR,2021,Music,728252,1.405112868022071
TR,2021,News & Politics,831408,1.604145377392021
TR,2021,Nonprofits & Activism,1183573,2.2836238727027
TR,2021,People & Blogs,15006946,28.954885031983906
TR,2021,Pets & Animals,899997,1.7364832034532824
TR,2021,Science & Technology,804888,1.5529768351017899
TR,2021,Sports,10000,0.019294322130554684
TR,2022,Comedy,210173,0.5939174643124054
TR,2022,Education,20000,0.056517008779662994
TR,2022,Entertainment,28392591,80.23321574121901
TR,2022,Film & Animation,20000,0.056517008779662994
TR,2022,Gaming,2750771,7.773267437892118
TR,2022,Howto & Style,35671,0.10080091100896792
TR,2022,Music,1235763,3.4920814160291336
TR,2022,News & Politics,10000,0.028258504389831497
TR,2022,Nonprofits & Activism,40153,0.1134663726764904
TR,2022,People & Blogs,20000,0.056517008779662994
TR,2022,Pets & Animals,79862,0.22567806775807228
TR,2022,Science & Technology,907449,2.5643151550048198
TR,2022,Shows,830703,2.347442437214619
TR,2022,Sports,824441,2.3297469617657067
TR,2022,Travel & Events,10000,0.028258504389831497
TR,2023,Comedy,10000,0.07597649743028491
TR,2023,Education,20163,0.15319141176868348
TR,2023,Entertainment,4277199,32.49665988323172
TR,2023,Gaming,909127,6.907228517930264
TR,2023,Howto & Style,100491,0.7634954203266762
TR,2023,Music,30354,0.23061906029988682
TR,2023,News & Politics,2690610,20.44231237508989
TR,2023,People & Blogs,81658,0.6204088827162206
TR,2023,Pets & Animals,10000,0.07597649743028491
TR,2023,Science & Technology,1381093,10.49306087654845
TR,2023,Sports,1060315,8.055901987279256
TR,2023,Travel & Events,2590955,19.685168589948386
TR,2024,Education,841443,0.06399480919862872
TR,2024,Entertainment,643930,0.04897322514688813
TR,2024,Film & Animation,6331085,0.4815021060194218
TR,2024,Gaming,436270,0.033179924735348386
TR,2024,Howto & Style,17054,0.0012970189021400311
TR,2024,Music,10585136,0.8050382006404903
TR,2024,News & Politics,145785,0.011087480980912655
TR,2024,Nonprofits & Activism,2451293,0.18642977340703315
TR,2024,Pets & Animals,155021,0.011789912467963513
TR,2024,Science & Technology,30157,0.0022935498435462014
TR,2024,Sports,1293224157,98.35441399865763
TR,2025,Autos & Vehicles,329358,0.784914769287254
TR,2025,Comedy,68754,0.16385219137709076
TR,2025,Education,532926,1.2700510943629093
TR,2025,Entertainment,335359,0.7992161481227241
TR,2025,Film & Animation,721129,1.7185700746948553
TR,2025,Gaming,135613,0.3231882832885564
TR,2025,Howto & Style,156532,0.3730417316903565
TR,2025,Music,17098543,40.74866538536544
TR,2025,News & Politics,7075440,16.86194765333105
TR,2025,Nonprofits & Activism,10000,0.023831659449208883
TR,2025,People & Blogs,13367575,31.85714950617584
TR,2025,Science & Technology,188141,0.4483712240433609
TR,2025,Shows,24881,0.05929555187557663
TR,2025,Sports,1303971,3.1075792803644355
TR,2025,Travel & Events,612767,1.4603254465713378
TR,2026,Comedy,13873,0.4800733069482765
TR,2026,Howto & Style,32823,1.1358355189189995
TR,2026,People & Blogs,2843071,98.38409117413272
US,2020,Autos & Vehicles,4765462,0.5315474291891474
US,2020,Comedy,35380378,3.9463852549113323
US,2020,Education,17145251,1.9124093512554836
US,2020,Entertainment,56512857,6.303536541574335
US,2020,Film & Animation,8031660,0.8958644985777472
US,2020,Gaming,14552477,1.6232070967482686
US,2020,Howto & Style,5928421,0.6612657789949756
US,2020,Music,193982127,21.637083857869964
US,2020,News & Politics,438010535,48.8564117890381
US,2020,Nonprofits & Activism,3190694,0.3558952296816631
US,2020,People & Blogs,15643225,1.7448709134554847
US,2020,Pets & Animals,3218286,0.3589728865103582
US,2020,Science & Technology,45542595,5.079895567492201
US,2020,Shorts,10300470,1.1489312784237788
US,2020,Shows,1047951,0.11689016929863173
US,2020,Sports,40927912,4.565166274682215
US,2020,Travel & Events,2345905,0.26166608229631605
US,2021,Autos & Vehicles,70358125,7.102706012512434
US,2021,Comedy,255165286,25.759128900274913
US,2021,Education,45812947,4.62485170131827
US,2021,Entertainment,93563838,9.445340317359785
US,2021,Film & Animation,38519970,3.8886201489991183
US,2021,Gaming,134057121,13.5331679084229
US,2021,Howto & Style,1715351,0.17316598276701117
US,2021,Music,241920367,24.422044294672645
US,2021,News & Politics,16596470,1.6754262177322412
US,2021,Nonprofits & Activism,1187099,0.11983854323502081
US,2021,People & Blogs,30889632,3.1183317481910793
US,2021,Pets & Animals,2560738,0.25850844076741764
US,2021,Science & Technology,32917797,3.323076541203504
US,2021,Shorts,3915248,0.3952472512602814
US,2021,Shows,5267434,0.5317514521927982
US,2021,Sports,15189000,1.5333410551240723
US,2021,Travel & Events,945545,0.09545348396650806
US,2022,Autos & Vehicles,2541705,0.18424734891098146
US,2022,Comedy,3715063,0.26930367953294243
US,2022,Education,115854349,8.398243172617443
US,2022,Entertainment,108708216,7.880222371534988
US,2022,Film & Animation,19795271,1.4349526017867664
US,2022,Gaming,123315131,8.939072774913056
US,2022,Howto & Style,24971372,1.8101664393271104
US,2022,Music,48722845,3.531902806443182
US,2022,News & Politics,142947068,10.362185349439763
US,2022,Nonprofits & Activism,979367,0.07099398764250815
US,2022,People & Blogs,230822086,16.73221613664944
US,2022,Pets & Animals,4446150,0.3222999326674654
US,2022,Science & Technology,38499344,2.7908046239874027
US,2022,Shorts,489270755,35.46707407367272
US,2022,Sports,7529846,0.5458360286531907
US,2022,Travel & Events,17388391,1.2604786722210366
US,2023,Autos & Vehicles,9405035,0.8075072511520174
US,2023,Comedy,32679695,2.805847152927802
US,2023,Education,37739799,3.240302811155903
US,2023,Entertainment,33195389,2.8501241433244977
US,2023,Film & Animation,1129525,0.09697992913981528
US,2023,Gaming,110202243,9.461858495552294
US,2023,Howto & Style,5602627,0.4810361607373151
US,2023,Music,463298429,39.778357110296575
US,2023,News & Politics,7926065,0.6805243107125295
US,2023,Nonprofits & Activism,22697958,1.948824823229679
US,2023,People & Blogs,11230053,0.9642015397413691
US,2023,Pets & Animals,7999496,0.6868290256826859
US,2023,Science & Technology,340140996,29.20417847292109
US,2023,Shorts,2700971,0.23190276991540337
US,2023,Shows,842793,0.07236139564819932
US,2023,Sports,51429511,4.415688304796574
US,2023,Travel & Events,26479173,2.2734763030662535
US,2024,Autos & Vehicles,531888,0.07304439159161943
US,2024,Comedy,60878185,8.360425474022826
US,2024,Education,1952198,0.2680961314719946
US,2024,Entertainment,287381094,39.46616048146225
US,2024,Film & Animation,28756418,3.9491303755006575
US,2024,Gaming,85869175,11.792448117553505
US,2024,Howto & Style,7668592,1.05313080386164
US,2024,Music,26159536,3.5924995326818165
US,2024,News & Politics,95364150,13.096396828659293
US,2024,Nonprofits & Activism,10131356,1.3913431681446153
US,2024,People & Blogs,32544609,4.4693641593571245
US,2024,Pets & Animals,7517428,1.0323713913338983
US,2024,Science & Technology,36447235,5.005313347493791
US,2024,Shorts,2133846,0.2930419239016687
US,2024,Shows,2212299,0.3038159057428408
US,2024,Sports,34699510,4.765297574822734
US,2024,Travel & Events,7923376,1.0881203923977214
US,2025,Autos & Vehicles,46502128,6.122568026316948
US,2025,Comedy,86908845,11.442601413877997
US,2025,Education,9465095,1.2461943249791152
US,2025,Entertainment,133796508,17.615929789571343
US,2025,Film & Animation,35959524,4.734506599009338
US,2025,Gaming,23001688,3.0284506442397263
US,2025,Howto & Style,20914573,2.7536566914501575
US,2025,Music,54160083,7.130830496154328
US,2025,News & Politics,14437705,1.9008986213791408
US,2025,Nonprofits & Activism,9492764,1.2498372837426404
US,2025,People & Blogs,44008400,5.794238550316811
US,2025,Pets & Animals,149669297,19.70577459021951
US,2025,Science & Technology,44357716,5.84023022993803
US,2025,Shorts,657932,0.08662471159794585
US,2025,Shows,2750151,0.3620906677677972
US,2025,Sports,80159000,10.553902617564948
US,2025,Travel & Events,3278580,0.43166474187422604
US,2026,Autos & Vehicles,639903,0.2914724882849585
US,2026,Comedy,2254085,1.0267239937237371
US,2026,Education,116266908,52.95897187535977
US,2026,Entertainment,7116379,3.24147362132827
US,2026,Film & Animation,1444786,0.6580925084884303
US,2026,Gaming,916232,0.4173389105634823
US,2026,Howto & Style,11327868,5.159784956350503
US,2026,Music,12061931,5.494146834897597
US,2026,News & Politics,53464262,24.352693266727847
US,2026,Nonprofits & Activism,2489043,1.1337461406779743
US,2026,People & Blogs,992100,0.45189638996458414
US,2026,Pets & Animals,636060,0.28972202177287915
US,2026,Science & Technology,557523,0.2539488267535781
US,2026,Shorts,180594,0.08225962770815856
US,2026,Shows,66648,0.0303578173554678
US,2026,Sports,6416056,2.9224801372952425
US,2026,Travel & Events,2711097,1.2348905827475196
VN,2020,Autos & Vehicles,169600,0.20173485552590606
VN,2020,Comedy,202031,0.2403106992733156
VN,2020,Education,10000,0.011894743839970875
VN,2020,Entertainment,42351374,50.37587450008027
VN,2020,Gaming,2139631,2.5450362657060728
VN,2020,Music,325082,0.38667671169854123
VN,2020,News & Politics,942951,1.1216160598644378
VN,2020,Nonprofits & Activism,563280,0.6700071310178796
VN,2020,People & Blogs,5476797,6.514509737852098
VN,2020,Science & Technology,5606631,6.668943955023974
VN,2020,Shorts,24453776,29.087140144002767
VN,2020,Shows,10000,0.011894743839970875
VN,2020,Sports,38698,0.046030279711919295
VN,2020,Travel & Events,1780896,2.1183301725628776
VN,2021,Autos & Vehicles,283544,0.280891107085663
VN,2021,Comedy,74475,0.07377819738807648
VN,2021,Education,328012,0.32494305581279276
VN,2021,Entertainment,313418,0.3104856001205257
VN,2021,Film & Animation,4926574,4.8804800136819795
VN,2021,Gaming,2150872,2.1307480224570234
VN,2021,Music,88719382,87.88930617447679
VN,2021,News & Politics,10000,0.00990643805143692
VN,2021,People & Blogs,979460,0.9702959813860407
VN,2021,Science & Technology,1217093,1.2057056407337516
VN,2021,Sports,1931626,1.9135533307544896
VN,2021,Travel & Events,10000,0.00990643805143692
VN,2022,Autos & Vehicles,196424,0.41271633784470607
VN,2022,Comedy,10000,0.02101150255797184
VN,2022,Education,73830,0.15512792338550607
VN,2022,Entertainment,777539,1.6337262687422867
VN,2022,Film & Animation,180799,0.37988586509787503
VN,2022,Gaming,11452850,24.064158707106778
VN,2022,Howto & Style,1250872,2.6282700227695353
VN,2022,Music,31701721,66.61007918836096
VN,2022,News & Politics,375263,0.7884839484412187
VN,2022,People & Blogs,1553681,3.264517230577224
VN,2022,Science & Technology,10000,0.02101150255797184
VN,2022,Sports,10000,0.02101150255797184
VN,2023,Comedy,497531,11.852715305750031
VN,2023,Education,1286784,30.65514392468861
VN,2023,Entertainment,923697,22.00529729760635
VN,2023,Film & Animation,241095,5.743622802679237
VN,2023,Gaming,32716,0.779395522978303
VN,2023,Howto & Style,110674,2.63659433030018
VN,2023,Music,20000,0.4764613785171188
VN,2023,News & Politics,43122,1.0272983782207599
VN,2023,Nonprofits & Activism,28436,0.6774327879756394
VN,2023,People & Blogs,164623,3.9218250757811823
VN,2023,Science & Technology,641061,15.272040388678136
VN,2023,Shows,14112,0.336191148681679
VN,2023,Sports,193761,4.615981658142773
VN,2024,Autos & Vehicles,796765,8.339635260999241
VN,2024,Education,148878,1.5582865943999107
VN,2024,Film & Animation,250868,2.6258026126352907
VN,2024,Gaming,122247,1.2795433932858173
VN,2024,Howto & Style,1510844,15.813806952199377
VN,2024,Music,323644,3.3875395058904925
VN,2024,News & Politics,290291,3.0384380081338045
VN,2024,Nonprofits & Activism,135610,1.4194121701431501
VN,2024,People & Blogs,844047,8.834529783738777
VN,2024,Pets & Animals,1344013,14.067608650030275
VN,2024,Shorts,932350,9.758785759405399
VN,2024,Sports,2456901,25.71606209156313
VN,2024,Travel & Events,397497,4.16054921757534
VN,2025,Autos & Vehicles,1278555,13.792164208689067
VN,2025,Comedy,44970,0.48510515735713156
VN,2025,Education,93439,1.0079550989169006
VN,2025,Entertainment,527733,5.6928174340127
VN,2025,Film & Animation,73065,0.7881745235112034
VN,2025,Gaming,10000,0.107873061453665
VN,2025,Howto & Style,204776,2.2089814032235706
VN,2025,Music,1456408,15.710718968560936
VN,2025,News & Politics,20000,0.21574612290733
VN,2025,People & Blogs,2927854,31.58365744693589
VN,2025,Pets & Animals,10000,0.107873061453665
VN,2025,Science & Technology,1352765,14.592690197736715
VN,2025,Shorts,201092,2.1692409673840407
VN,2025,Shows,329321,3.5524864470982416
VN,2025,Sports,530958,5.727606496331507
VN,2025,Travel & Events,209219,2.256909404427434
VN,2026,Education,10000,1.7234515218938664
VN,2026,Entertainment,10000,1.7234515218938664
VN,2026,Gaming,303892,52.37431298913708
VN,2026,Howto & Style,10000,1.7234515218938664
VN,2026,News & Politics,67231,11.586936926844652
VN,2026,Pets & Animals,10000,1.7234515218938664
VN,2026,Sports,14957,2.577766441296656
VN,2026,Travel & Events,154151,26.567177555146138
